brand,brand_prefix,part_code,part_name,category,group,priority,suggested_sources
BYD,BY,CKP,Датчик положения коленвала,Двигатель,Датчики,high,exist.ru; relines.ru (manual_check); xn--80aaonli0a.xn--p1ai (manual_check); autoparts24.eu; shop.chinacar-club.ru (manual_check); emex.ru (partner_api_or_export)
BYD,BY,CMP,Датчик положения распредвала,Двигатель,Датчики,high,exist.ru; relines.ru (manual_check); xn--80aaonli0a.xn--p1ai (manual_check); autoparts24.eu; shop.chinacar-club.ru (manual_check); emex.ru (partner_api_or_export)
BYD,BY,CMS,Сальник распредвала,Двигатель,Сальники,high,exist.ru; relines.ru (manual_check); xn--80aaonli0a.xn--p1ai (manual_check); autoparts24.eu; shop.chinacar-club.ru (manual_check); emex.ru (partner_api_or_export)
BYD,BY,CSF,Сальник коленвала передний,Двигатель,Сальники,high,exist.ru; relines.ru (manual_check); xn--80aaonli0a.xn--p1ai (manual_check); autoparts24.eu; shop.chinacar-club.ru (manual_check); emex.ru (partner_api_or_export)
BYD,BY,CSR,Сальник коленвала задний,Двигатель,Сальники,high,exist.ru; relines.ru (manual_check); xn--80aaonli0a.xn--p1ai (manual_check); autoparts24.eu; shop.chinacar-club.ru (manual_check); emex.ru (partner_api_or_export)
BYD,BY,EMB,Опора двигателя задняя,Двигатель,Опоры,high,exist.ru; relines.ru (manual_check); xn--80aaonli0a.xn--p1ai (manual_check); autoparts24.eu; shop.chinacar-club.ru (manual_check); emex.ru (partner_api_or_export)
BYD,BY,EMG,Прокладка выпускного коллектора,Двигатель,Прокладки,high,exist.ru; relines.ru (manual_check); xn--80aaonli0a.xn--p1ai (manual_check); autoparts24.eu; shop.chinacar-club.ru (manual_check); emex.ru (partner_api_or_export)
BYD,BY,EML,Опора двигателя левая,Двигатель,Опоры,high,exist.ru; relines.ru (manual_check); xn--80aaonli0a.xn--p1ai (manual_check); autoparts24.eu; shop.chinacar-club.ru (manual_check); emex.ru (partner_api_or_export)
BYD,BY,EMR,Опора двигателя правая,Двигатель,Опоры,high,exist.ru; relines.ru (manual_check); xn--80aaonli0a.xn--p1ai (manual_check); autoparts24.eu; shop.chinacar-club.ru (manual_check); emex.ru (partner_api_or_export)
BYD,BY,HGG,Прокладка ГБЦ,Двигатель,Прокладки,high,exist.ru; relines.ru (manual_check); xn--80aaonli0a.xn--p1ai (manual_check); autoparts24.eu; shop.chinacar-club.ru (manual_check); emex.ru (partner_api_or_export)
BYD,BY,IMG,Прокладка впускного коллектора,Двигатель,Прокладки,high,exist.ru; relines.ru (manual_check); xn--80aaonli0a.xn--p1ai (manual_check); autoparts24.eu; shop.chinacar-club.ru (manual_check); emex.ru (partner_api_or_export)
BYD,BY,MAF,Датчик массового расхода воздуха,Двигатель,Датчики,high,exist.ru; relines.ru (manual_check); xn--80aaonli0a.xn--p1ai (manual_check); autoparts24.eu; shop.chinacar-club.ru (manual_check); emex.ru (partner_api_or_export)
BYD,BY,MAP,Датчик абсолютного давления,Двигатель,Датчики,high,exist.ru; relines.ru (manual_check); xn--80aaonli0a.xn--p1ai (manual_check); autoparts24.eu; shop.chinacar-club.ru (manual_check); emex.ru (partner_api_or_export)
BYD,BY,OPM,Масляный насос,Двигатель,Смазка,high,exist.ru; relines.ru (manual_check); xn--80aaonli0a.xn--p1ai (manual_check); autoparts24.eu; shop.chinacar-club.ru (manual_check); emex.ru (partner_api_or_export)
BYD,BY,OPS,Датчик давления масла,Двигатель,Датчики,high,exist.ru; relines.ru (manual_check); xn--80aaonli0a.xn--p1ai (manual_check); autoparts24.eu; shop.chinacar-club.ru (manual_check); emex.ru (partner_api_or_export)
BYD,BY,PCV,Клапан вентиляции картерных газов,Двигатель,Вентиляция,high,exist.ru; relines.ru (manual_check); xn--80aaonli0a.xn--p1ai (manual_check); autoparts24.eu; shop.chinacar-club.ru (manual_check); emex.ru (partner_api_or_export)
BYD,BY,THB,Дроссельная заслонка,Двигатель,Впуск,high,exist.ru; relines.ru (manual_check); xn--80aaonli0a.xn--p1ai (manual_check); autoparts24.eu; shop.chinacar-club.ru (manual_check); emex.ru (partner_api_or_export)
BYD,BY,TK,Ремень/цепь ГРМ комплект,Двигатель,ГРМ,high,exist.ru; relines.ru (manual_check); xn--80aaonli0a.xn--p1ai (manual_check); autoparts24.eu; shop.chinacar-club.ru (manual_check); emex.ru (partner_api_or_export)
BYD,BY,VCG,Прокладка клапанной крышки,Двигатель,Прокладки,high,exist.ru; relines.ru (manual_check); xn--80aaonli0a.xn--p1ai (manual_check); autoparts24.eu; shop.chinacar-club.ru (manual_check); emex.ru (partner_api_or_export)
BYD,BY,EXC,Крышка расширительного бачка,Охлаждение,Охлаждение,high,exist.ru; relines.ru (manual_check); xn--80aaonli0a.xn--p1ai (manual_check); autoparts24.eu; shop.chinacar-club.ru (manual_check); emex.ru (partner_api_or_export)
BYD,BY,EXT,Расширительный бачок,Охлаждение,Охлаждение,high,exist.ru; relines.ru (manual_check); xn--80aaonli0a.xn--p1ai (manual_check); autoparts24.eu; shop.chinacar-club.ru (manual_check); emex.ru (partner_api_or_export)
BYD,BY,FAN,Вентилятор радиатора,Охлаждение,Охлаждение,high,exist.ru; relines.ru (manual_check); xn--80aaonli0a.xn--p1ai (manual_check); autoparts24.eu; shop.chinacar-club.ru (manual_check); emex.ru (partner_api_or_export)
BYD,BY,RAD,Радиатор охлаждения,Охлаждение,Охлаждение,high,exist.ru; relines.ru (manual_check); xn--80aaonli0a.xn--p1ai (manual_check); autoparts24.eu; shop.chinacar-club.ru (manual_check); emex.ru (partner_api_or_export)
BYD,BY,TSH,Корпус термостата,Охлаждение,Охлаждение,high,exist.ru; relines.ru (manual_check); xn--80aaonli0a.xn--p1ai (manual_check); autoparts24.eu; shop.chinacar-club.ru (manual_check); emex.ru (partner_api_or_export)
BYD,BY,TST,Термостат,Охлаждение,Охлаждение,high,exist.ru; relines.ru (manual_check); xn--80aaonli0a.xn--p1ai (manual_check); autoparts24.eu; shop.chinacar-club.ru (manual_check); emex.ru (partner_api_or_export)
BYD,BY,CAB,Сайлентблок переднего рычага,Подвеска,Сайлентблоки,high,exist.ru; relines.ru (manual_check); xn--80aaonli0a.xn--p1ai (manual_check); autoparts24.eu; shop.chinacar-club.ru (manual_check); emex.ru (partner_api_or_export)
BYD,BY,RAB,Сайлентблок заднего рычага,Подвеска,Сайлентблоки,high,exist.ru; relines.ru (manual_check); xn--80aaonli0a.xn--p1ai (manual_check); autoparts24.eu; shop.chinacar-club.ru (manual_check); emex.ru (partner_api_or_export)
BYD,BY,SBF,Втулка стабилизатора передняя,Подвеска,Стабилизатор,high,exist.ru; relines.ru (manual_check); xn--80aaonli0a.xn--p1ai (manual_check); autoparts24.eu; shop.chinacar-club.ru (manual_check); emex.ru (partner_api_or_export)
BYD,BY,SBR,Втулка стабилизатора задняя,Подвеска,Стабилизатор,high,exist.ru; relines.ru (manual_check); xn--80aaonli0a.xn--p1ai (manual_check); autoparts24.eu; shop.chinacar-club.ru (manual_check); emex.ru (partner_api_or_export)
BYD,BY,SPR,Пружина задняя,Подвеска,Пружины,high,exist.ru; relines.ru (manual_check); xn--80aaonli0a.xn--p1ai (manual_check); autoparts24.eu; shop.chinacar-club.ru (manual_check); emex.ru (partner_api_or_export)
BYD,BY,STM,Опора передней стойки,Подвеска,Передняя подвеска,high,exist.ru; relines.ru (manual_check); xn--80aaonli0a.xn--p1ai (manual_check); autoparts24.eu; shop.chinacar-club.ru (manual_check); emex.ru (partner_api_or_export)
BYD,BY,ABK,Комплект ремня навесного оборудования,ТО,Ремни,high,exist.ru; relines.ru (manual_check); xn--80aaonli0a.xn--p1ai (manual_check); autoparts24.eu; shop.chinacar-club.ru (manual_check); emex.ru (partner_api_or_export)
BYD,BY,ABR,Ролик ремня навесного оборудования,ТО,Ремни,high,exist.ru; relines.ru (manual_check); xn--80aaonli0a.xn--p1ai (manual_check); autoparts24.eu; shop.chinacar-club.ru (manual_check); emex.ru (partner_api_or_export)
BYD,BY,ABT,Натяжитель ремня навесного оборудования,ТО,Ремни,high,exist.ru; relines.ru (manual_check); xn--80aaonli0a.xn--p1ai (manual_check); autoparts24.eu; shop.chinacar-club.ru (manual_check); emex.ru (partner_api_or_export)
BYD,BY,FF,Топливный фильтр,ТО,Фильтры,high,exist.ru; relines.ru (manual_check); xn--80aaonli0a.xn--p1ai (manual_check); autoparts24.eu; shop.chinacar-club.ru (manual_check); emex.ru (partner_api_or_export)
BYD,BY,ODP,Пробка сливная масляного поддона,ТО,Фильтры и жидкости,high,exist.ru; relines.ru (manual_check); xn--80aaonli0a.xn--p1ai (manual_check); autoparts24.eu; shop.chinacar-club.ru (manual_check); emex.ru (partner_api_or_export)
BYD,BY,ODW,Шайба сливной пробки,ТО,Фильтры и жидкости,high,exist.ru; relines.ru (manual_check); xn--80aaonli0a.xn--p1ai (manual_check); autoparts24.eu; shop.chinacar-club.ru (manual_check); emex.ru (partner_api_or_export)
BYD,BY,ATF,Фильтр АКПП,Трансмиссия,АКПП,high,exist.ru; relines.ru (manual_check); xn--80aaonli0a.xn--p1ai (manual_check); autoparts24.eu; shop.chinacar-club.ru (manual_check); emex.ru (partner_api_or_export)
BYD,BY,ATG,Прокладка поддона АКПП,Трансмиссия,АКПП,high,exist.ru; relines.ru (manual_check); xn--80aaonli0a.xn--p1ai (manual_check); autoparts24.eu; shop.chinacar-club.ru (manual_check); emex.ru (partner_api_or_export)
BYD,BY,ATP,Поддон АКПП,Трансмиссия,АКПП,high,exist.ru; relines.ru (manual_check); xn--80aaonli0a.xn--p1ai (manual_check); autoparts24.eu; shop.chinacar-club.ru (manual_check); emex.ru (partner_api_or_export)
BYD,BY,CLK,Комплект сцепления,Трансмиссия,Сцепление,high,exist.ru; relines.ru (manual_check); xn--80aaonli0a.xn--p1ai (manual_check); autoparts24.eu; shop.chinacar-club.ru (manual_check); emex.ru (partner_api_or_export)
BYD,BY,CMC,Главный цилиндр сцепления,Трансмиссия,Сцепление,high,exist.ru; relines.ru (manual_check); xn--80aaonli0a.xn--p1ai (manual_check); autoparts24.eu; shop.chinacar-club.ru (manual_check); emex.ru (partner_api_or_export)
BYD,BY,CRB,Выжимной подшипник,Трансмиссия,Сцепление,high,exist.ru; relines.ru (manual_check); xn--80aaonli0a.xn--p1ai (manual_check); autoparts24.eu; shop.chinacar-club.ru (manual_check); emex.ru (partner_api_or_export)
BYD,BY,CVB,Пыльник ШРУС,Трансмиссия,Привод,high,exist.ru; relines.ru (manual_check); xn--80aaonli0a.xn--p1ai (manual_check); autoparts24.eu; shop.chinacar-club.ru (manual_check); emex.ru (partner_api_or_export)
BYD,BY,CVJ,ШРУС наружный,Трансмиссия,Привод,high,exist.ru; relines.ru (manual_check); xn--80aaonli0a.xn--p1ai (manual_check); autoparts24.eu; shop.chinacar-club.ru (manual_check); emex.ru (partner_api_or_export)
BYD,BY,HUR,Ступица задняя,Трансмиссия,Ступицы,high,exist.ru; relines.ru (manual_check); xn--80aaonli0a.xn--p1ai (manual_check); autoparts24.eu; shop.chinacar-club.ru (manual_check); emex.ru (partner_api_or_export)
BYD,BY,TMM,Подушка КПП,Трансмиссия,Опоры,high,exist.ru; relines.ru (manual_check); xn--80aaonli0a.xn--p1ai (manual_check); autoparts24.eu; shop.chinacar-club.ru (manual_check); emex.ru (partner_api_or_export)
Changan,CG,CKP,Датчик положения коленвала,Двигатель,Датчики,high,exist.ru; relines.ru (manual_check); xn--80aaonli0a.xn--p1ai (manual_check); autoparts24.eu; shop.chinacar-club.ru (manual_check); emex.ru (partner_api_or_export)
Changan,CG,CMP,Датчик положения распредвала,Двигатель,Датчики,high,exist.ru; relines.ru (manual_check); xn--80aaonli0a.xn--p1ai (manual_check); autoparts24.eu; shop.chinacar-club.ru (manual_check); emex.ru (partner_api_or_export)
Changan,CG,CMS,Сальник распредвала,Двигатель,Сальники,high,exist.ru; relines.ru (manual_check); xn--80aaonli0a.xn--p1ai (manual_check); autoparts24.eu; shop.chinacar-club.ru (manual_check); emex.ru (partner_api_or_export)
Changan,CG,CSF,Сальник коленвала передний,Двигатель,Сальники,high,exist.ru; relines.ru (manual_check); xn--80aaonli0a.xn--p1ai (manual_check); autoparts24.eu; shop.chinacar-club.ru (manual_check); emex.ru (partner_api_or_export)
Changan,CG,CSR,Сальник коленвала задний,Двигатель,Сальники,high,exist.ru; relines.ru (manual_check); xn--80aaonli0a.xn--p1ai (manual_check); autoparts24.eu; shop.chinacar-club.ru (manual_check); emex.ru (partner_api_or_export)
Changan,CG,EMB,Опора двигателя задняя,Двигатель,Опоры,high,exist.ru; relines.ru (manual_check); xn--80aaonli0a.xn--p1ai (manual_check); autoparts24.eu; shop.chinacar-club.ru (manual_check); emex.ru (partner_api_or_export)
Changan,CG,EMG,Прокладка выпускного коллектора,Двигатель,Прокладки,high,exist.ru; relines.ru (manual_check); xn--80aaonli0a.xn--p1ai (manual_check); autoparts24.eu; shop.chinacar-club.ru (manual_check); emex.ru (partner_api_or_export)
Changan,CG,EML,Опора двигателя левая,Двигатель,Опоры,high,exist.ru; relines.ru (manual_check); xn--80aaonli0a.xn--p1ai (manual_check); autoparts24.eu; shop.chinacar-club.ru (manual_check); emex.ru (partner_api_or_export)
Changan,CG,EMR,Опора двигателя правая,Двигатель,Опоры,high,exist.ru; relines.ru (manual_check); xn--80aaonli0a.xn--p1ai (manual_check); autoparts24.eu; shop.chinacar-club.ru (manual_check); emex.ru (partner_api_or_export)
Changan,CG,HGG,Прокладка ГБЦ,Двигатель,Прокладки,high,exist.ru; relines.ru (manual_check); xn--80aaonli0a.xn--p1ai (manual_check); autoparts24.eu; shop.chinacar-club.ru (manual_check); emex.ru (partner_api_or_export)
Changan,CG,IMG,Прокладка впускного коллектора,Двигатель,Прокладки,high,exist.ru; relines.ru (manual_check); xn--80aaonli0a.xn--p1ai (manual_check); autoparts24.eu; shop.chinacar-club.ru (manual_check); emex.ru (partner_api_or_export)
Changan,CG,MAF,Датчик массового расхода воздуха,Двигатель,Датчики,high,exist.ru; relines.ru (manual_check); xn--80aaonli0a.xn--p1ai (manual_check); autoparts24.eu; shop.chinacar-club.ru (manual_check); emex.ru (partner_api_or_export)
Changan,CG,MAP,Датчик абсолютного давления,Двигатель,Датчики,high,exist.ru; relines.ru (manual_check); xn--80aaonli0a.xn--p1ai (manual_check); autoparts24.eu; shop.chinacar-club.ru (manual_check); emex.ru (partner_api_or_export)
Changan,CG,OPM,Масляный насос,Двигатель,Смазка,high,exist.ru; relines.ru (manual_check); xn--80aaonli0a.xn--p1ai (manual_check); autoparts24.eu; shop.chinacar-club.ru (manual_check); emex.ru (partner_api_or_export)
Changan,CG,OPS,Датчик давления масла,Двигатель,Датчики,high,exist.ru; relines.ru (manual_check); xn--80aaonli0a.xn--p1ai (manual_check); autoparts24.eu; shop.chinacar-club.ru (manual_check); emex.ru (partner_api_or_export)
Changan,CG,PCV,Клапан вентиляции картерных газов,Двигатель,Вентиляция,high,exist.ru; relines.ru (manual_check); xn--80aaonli0a.xn--p1ai (manual_check); autoparts24.eu; shop.chinacar-club.ru (manual_check); emex.ru (partner_api_or_export)
Changan,CG,THB,Дроссельная заслонка,Двигатель,Впуск,high,exist.ru; relines.ru (manual_check); xn--80aaonli0a.xn--p1ai (manual_check); autoparts24.eu; shop.chinacar-club.ru (manual_check); emex.ru (partner_api_or_export)
Changan,CG,TK,Ремень/цепь ГРМ комплект,Двигатель,ГРМ,high,exist.ru; relines.ru (manual_check); xn--80aaonli0a.xn--p1ai (manual_check); autoparts24.eu; shop.chinacar-club.ru (manual_check); emex.ru (partner_api_or_export)
Changan,CG,VCG,Прокладка клапанной крышки,Двигатель,Прокладки,high,exist.ru; relines.ru (manual_check); xn--80aaonli0a.xn--p1ai (manual_check); autoparts24.eu; shop.chinacar-club.ru (manual_check); emex.ru (partner_api_or_export)
Changan,CG,EXT,Расширительный бачок,Охлаждение,Охлаждение,high,exist.ru; relines.ru (manual_check); xn--80aaonli0a.xn--p1ai (manual_check); autoparts24.eu; shop.chinacar-club.ru (manual_check); emex.ru (partner_api_or_export)
Changan,CG,FAN,Вентилятор радиатора,Охлаждение,Охлаждение,high,exist.ru; relines.ru (manual_check); xn--80aaonli0a.xn--p1ai (manual_check); autoparts24.eu; shop.chinacar-club.ru (manual_check); emex.ru (partner_api_or_export)
Changan,CG,RAD,Радиатор охлаждения,Охлаждение,Охлаждение,high,exist.ru; relines.ru (manual_check); xn--80aaonli0a.xn--p1ai (manual_check); autoparts24.eu; shop.chinacar-club.ru (manual_check); emex.ru (partner_api_or_export)
Changan,CG,TSH,Корпус термостата,Охлаждение,Охлаждение,high,exist.ru; relines.ru (manual_check); xn--80aaonli0a.xn--p1ai (manual_check); autoparts24.eu; shop.chinacar-club.ru (manual_check); emex.ru (partner_api_or_export)
Changan,CG,TST,Термостат,Охлаждение,Охлаждение,high,exist.ru; relines.ru (manual_check); xn--80aaonli0a.xn--p1ai (manual_check); autoparts24.eu; shop.chinacar-club.ru (manual_check); emex.ru (partner_api_or_export)
Changan,CG,CAB,Сайлентблок переднего рычага,Подвеска,Сайлентблоки,high,exist.ru; relines.ru (manual_check); xn--80aaonli0a.xn--p1ai (manual_check); autoparts24.eu; shop.chinacar-club.ru (manual_check); emex.ru (partner_api_or_export)
Changan,CG,RAB,Сайлентблок заднего рычага,Подвеска,Сайлентблоки,high,exist.ru; relines.ru (manual_check); xn--80aaonli0a.xn--p1ai (manual_check); autoparts24.eu; shop.chinacar-club.ru (manual_check); emex.ru (partner_api_or_export)
Changan,CG,SBF,Втулка стабилизатора передняя,Подвеска,Стабилизатор,high,exist.ru; relines.ru (manual_check); xn--80aaonli0a.xn--p1ai (manual_check); autoparts24.eu; shop.chinacar-club.ru (manual_check); emex.ru (partner_api_or_export)
Changan,CG,SBR,Втулка стабилизатора задняя,Подвеска,Стабилизатор,high,exist.ru; relines.ru (manual_check); xn--80aaonli0a.xn--p1ai (manual_check); autoparts24.eu; shop.chinacar-club.ru (manual_check); emex.ru (partner_api_or_export)
Changan,CG,SPR,Пружина задняя,Подвеска,Пружины,high,exist.ru; relines.ru (manual_check); xn--80aaonli0a.xn--p1ai (manual_check); autoparts24.eu; shop.chinacar-club.ru (manual_check); emex.ru (partner_api_or_export)
Changan,CG,STM,Опора передней стойки,Подвеска,Передняя подвеска,high,exist.ru; relines.ru (manual_check); xn--80aaonli0a.xn--p1ai (manual_check); autoparts24.eu; shop.chinacar-club.ru (manual_check); emex.ru (partner_api_or_export)
Changan,CG,ABK,Комплект ремня навесного оборудования,ТО,Ремни,high,exist.ru; relines.ru (manual_check); xn--80aaonli0a.xn--p1ai (manual_check); autoparts24.eu; shop.chinacar-club.ru (manual_check); emex.ru (partner_api_or_export)
Changan,CG,ABR,Ролик ремня навесного оборудования,ТО,Ремни,high,exist.ru; relines.ru (manual_check); xn--80aaonli0a.xn--p1ai (manual_check); autoparts24.eu; shop.chinacar-club.ru (manual_check); emex.ru (partner_api_or_export)
Changan,CG,ABT,Натяжитель ремня навесного оборудования,ТО,Ремни,high,exist.ru; relines.ru (manual_check); xn--80aaonli0a.xn--p1ai (manual_check); autoparts24.eu; shop.chinacar-club.ru (manual_check); emex.ru (partner_api_or_export)
Changan,CG,ODP,Пробка сливная масляного поддона,ТО,Фильтры и жидкости,high,exist.ru; relines.ru (manual_check); xn--80aaonli0a.xn--p1ai (manual_check); autoparts24.eu; shop.chinacar-club.ru (manual_check); emex.ru (partner_api_or_export)
Changan,CG,ODW,Шайба сливной пробки,ТО,Фильтры и жидкости,high,exist.ru; relines.ru (manual_check); xn--80aaonli0a.xn--p1ai (manual_check); autoparts24.eu; shop.chinacar-club.ru (manual_check); emex.ru (partner_api_or_export)
Changan,CG,ATF,Фильтр АКПП,Трансмиссия,АКПП,high,exist.ru; relines.ru (manual_check); xn--80aaonli0a.xn--p1ai (manual_check); autoparts24.eu; shop.chinacar-club.ru (manual_check); emex.ru (partner_api_or_export)
Changan,CG,ATG,Прокладка поддона АКПП,Трансмиссия,АКПП,high,exist.ru; relines.ru (manual_check); xn--80aaonli0a.xn--p1ai (manual_check); autoparts24.eu; shop.chinacar-club.ru (manual_check); emex.ru (partner_api_or_export)
Changan,CG,ATP,Поддон АКПП,Трансмиссия,АКПП,high,exist.ru; relines.ru (manual_check); xn--80aaonli0a.xn--p1ai (manual_check); autoparts24.eu; shop.chinacar-club.ru (manual_check); emex.ru (partner_api_or_export)
Changan,CG,CLK,Комплект сцепления,Трансмиссия,Сцепление,high,exist.ru; relines.ru (manual_check); xn--80aaonli0a.xn--p1ai (manual_check); autoparts24.eu; shop.chinacar-club.ru (manual_check); emex.ru (partner_api_or_export)
Changan,CG,CRB,Выжимной подшипник,Трансмиссия,Сцепление,high,exist.ru; relines.ru (manual_check); xn--80aaonli0a.xn--p1ai (manual_check); autoparts24.eu; shop.chinacar-club.ru (manual_check); emex.ru (partner_api_or_export)
Changan,CG,CVB,Пыльник ШРУС,Трансмиссия,Привод,high,exist.ru; relines.ru (manual_check); xn--80aaonli0a.xn--p1ai (manual_check); autoparts24.eu; shop.chinacar-club.ru (manual_check); emex.ru (partner_api_or_export)
Changan,CG,CVJ,ШРУС наружный,Трансмиссия,Привод,high,exist.ru; relines.ru (manual_check); xn--80aaonli0a.xn--p1ai (manual_check); autoparts24.eu; shop.chinacar-club.ru (manual_check); emex.ru (partner_api_or_export)
Changan,CG,HUR,Ступица задняя,Трансмиссия,Ступицы,high,exist.ru; relines.ru (manual_check); xn--80aaonli0a.xn--p1ai (manual_check); autoparts24.eu; shop.chinacar-club.ru (manual_check); emex.ru (partner_api_or_export)
Changan,CG,TMM,Подушка КПП,Трансмиссия,Опоры,high,exist.ru; relines.ru (manual_check); xn--80aaonli0a.xn--p1ai (manual_check); autoparts24.eu; shop.chinacar-club.ru (manual_check); emex.ru (partner_api_or_export)
Chery,CY,CKP,Датчик положения коленвала,Двигатель,Датчики,high,exist.ru; relines.ru (manual_check); xn--80aaonli0a.xn--p1ai (manual_check); autoparts24.eu; shop.chinacar-club.ru (manual_check); emex.ru (partner_api_or_export)
Chery,CY,CMP,Датчик положения распредвала,Двигатель,Датчики,high,exist.ru; relines.ru (manual_check); xn--80aaonli0a.xn--p1ai (manual_check); autoparts24.eu; shop.chinacar-club.ru (manual_check); emex.ru (partner_api_or_export)
Chery,CY,CMS,Сальник распредвала,Двигатель,Сальники,high,exist.ru; relines.ru (manual_check); xn--80aaonli0a.xn--p1ai (manual_check); autoparts24.eu; shop.chinacar-club.ru (manual_check); emex.ru (partner_api_or_export)
Chery,CY,CSF,Сальник коленвала передний,Двигатель,Сальники,high,exist.ru; relines.ru (manual_check); xn--80aaonli0a.xn--p1ai (manual_check); autoparts24.eu; shop.chinacar-club.ru (manual_check); emex.ru (partner_api_or_export)
Chery,CY,CSR,Сальник коленвала задний,Двигатель,Сальники,high,exist.ru; relines.ru (manual_check); xn--80aaonli0a.xn--p1ai (manual_check); autoparts24.eu; shop.chinacar-club.ru (manual_check); emex.ru (partner_api_or_export)
Chery,CY,EMB,Опора двигателя задняя,Двигатель,Опоры,high,exist.ru; relines.ru (manual_check); xn--80aaonli0a.xn--p1ai (manual_check); autoparts24.eu; shop.chinacar-club.ru (manual_check); emex.ru (partner_api_or_export)
Chery,CY,EMG,Прокладка выпускного коллектора,Двигатель,Прокладки,high,exist.ru; relines.ru (manual_check); xn--80aaonli0a.xn--p1ai (manual_check); autoparts24.eu; shop.chinacar-club.ru (manual_check); emex.ru (partner_api_or_export)
Chery,CY,EML,Опора двигателя левая,Двигатель,Опоры,high,exist.ru; relines.ru (manual_check); xn--80aaonli0a.xn--p1ai (manual_check); autoparts24.eu; shop.chinacar-club.ru (manual_check); emex.ru (partner_api_or_export)
Chery,CY,EMR,Опора двигателя правая,Двигатель,Опоры,high,exist.ru; relines.ru (manual_check); xn--80aaonli0a.xn--p1ai (manual_check); autoparts24.eu; shop.chinacar-club.ru (manual_check); emex.ru (partner_api_or_export)
Chery,CY,HGG,Прокладка ГБЦ,Двигатель,Прокладки,high,exist.ru; relines.ru (manual_check); xn--80aaonli0a.xn--p1ai (manual_check); autoparts24.eu; shop.chinacar-club.ru (manual_check); emex.ru (partner_api_or_export)
Chery,CY,IMG,Прокладка впускного коллектора,Двигатель,Прокладки,high,exist.ru; relines.ru (manual_check); xn--80aaonli0a.xn--p1ai (manual_check); autoparts24.eu; shop.chinacar-club.ru (manual_check); emex.ru (partner_api_or_export)
Chery,CY,MAF,Датчик массового расхода воздуха,Двигатель,Датчики,high,exist.ru; relines.ru (manual_check); xn--80aaonli0a.xn--p1ai (manual_check); autoparts24.eu; shop.chinacar-club.ru (manual_check); emex.ru (partner_api_or_export)
Chery,CY,MAP,Датчик абсолютного давления,Двигатель,Датчики,high,exist.ru; relines.ru (manual_check); xn--80aaonli0a.xn--p1ai (manual_check); autoparts24.eu; shop.chinacar-club.ru (manual_check); emex.ru (partner_api_or_export)
Chery,CY,OPM,Масляный насос,Двигатель,Смазка,high,exist.ru; relines.ru (manual_check); xn--80aaonli0a.xn--p1ai (manual_check); autoparts24.eu; shop.chinacar-club.ru (manual_check); emex.ru (partner_api_or_export)
Chery,CY,OPS,Датчик давления масла,Двигатель,Датчики,high,exist.ru; relines.ru (manual_check); xn--80aaonli0a.xn--p1ai (manual_check); autoparts24.eu; shop.chinacar-club.ru (manual_check); emex.ru (partner_api_or_export)
Chery,CY,PCV,Клапан вентиляции картерных газов,Двигатель,Вентиляция,high,exist.ru; relines.ru (manual_check); xn--80aaonli0a.xn--p1ai (manual_check); autoparts24.eu; shop.chinacar-club.ru (manual_check); emex.ru (partner_api_or_export)
Chery,CY,THB,Дроссельная заслонка,Двигатель,Впуск,high,exist.ru; relines.ru (manual_check); xn--80aaonli0a.xn--p1ai (manual_check); autoparts24.eu; shop.chinacar-club.ru (manual_check); emex.ru (partner_api_or_export)
Chery,CY,TK,Ремень/цепь ГРМ комплект,Двигатель,ГРМ,high,exist.ru; relines.ru (manual_check); xn--80aaonli0a.xn--p1ai (manual_check); autoparts24.eu; shop.chinacar-club.ru (manual_check); emex.ru (partner_api_or_export)
Chery,CY,VCG,Прокладка клапанной крышки,Двигатель,Прокладки,high,exist.ru; relines.ru (manual_check); xn--80aaonli0a.xn--p1ai (manual_check); autoparts24.eu; shop.chinacar-club.ru (manual_check); emex.ru (partner_api_or_export)
Chery,CY,EXT,Расширительный бачок,Охлаждение,Охлаждение,high,exist.ru; relines.ru (manual_check); xn--80aaonli0a.xn--p1ai (manual_check); autoparts24.eu; shop.chinacar-club.ru (manual_check); emex.ru (partner_api_or_export)
Chery,CY,FAN,Вентилятор радиатора,Охлаждение,Охлаждение,high,exist.ru; relines.ru (manual_check); xn--80aaonli0a.xn--p1ai (manual_check); autoparts24.eu; shop.chinacar-club.ru (manual_check); emex.ru (partner_api_or_export)
Chery,CY,RAD,Радиатор охлаждения,Охлаждение,Охлаждение,high,exist.ru; relines.ru (manual_check); xn--80aaonli0a.xn--p1ai (manual_check); autoparts24.eu; shop.chinacar-club.ru (manual_check); emex.ru (partner_api_or_export)
Chery,CY,TSH,Корпус термостата,Охлаждение,Охлаждение,high,exist.ru; relines.ru (manual_check); xn--80aaonli0a.xn--p1ai (manual_check); autoparts24.eu; shop.chinacar-club.ru (manual_check); emex.ru (partner_api_or_export)
Chery,CY,TST,Термостат,Охлаждение,Охлаждение,high,exist.ru; relines.ru (manual_check); xn--80aaonli0a.xn--p1ai (manual_check); autoparts24.eu; shop.chinacar-club.ru (manual_check); emex.ru (partner_api_or_export)
Chery,CY,CAB,Сайлентблок переднего рычага,Подвеска,Сайлентблоки,high,exist.ru; relines.ru (manual_check); xn--80aaonli0a.xn--p1ai (manual_check); autoparts24.eu; shop.chinacar-club.ru (manual_check); emex.ru (partner_api_or_export)
Chery,CY,RAB,Сайлентблок заднего рычага,Подвеска,Сайлентблоки,high,exist.ru; relines.ru (manual_check); xn--80aaonli0a.xn--p1ai (manual_check); autoparts24.eu; shop.chinacar-club.ru (manual_check); emex.ru (partner_api_or_export)
Chery,CY,SBF,Втулка стабилизатора передняя,Подвеска,Стабилизатор,high,exist.ru; relines.ru (manual_check); xn--80aaonli0a.xn--p1ai (manual_check); autoparts24.eu; shop.chinacar-club.ru (manual_check); emex.ru (partner_api_or_export)
Chery,CY,SBR,Втулка стабилизатора задняя,Подвеска,Стабилизатор,high,exist.ru; relines.ru (manual_check); xn--80aaonli0a.xn--p1ai (manual_check); autoparts24.eu; shop.chinacar-club.ru (manual_check); emex.ru (partner_api_or_export)
Chery,CY,SPR,Пружина задняя,Подвеска,Пружины,high,exist.ru; relines.ru (manual_check); xn--80aaonli0a.xn--p1ai (manual_check); autoparts24.eu; shop.chinacar-club.ru (manual_check); emex.ru (partner_api_or_export)
Chery,CY,STM,Опора передней стойки,Подвеска,Передняя подвеска,high,exist.ru; relines.ru (manual_check); xn--80aaonli0a.xn--p1ai (manual_check); autoparts24.eu; shop.chinacar-club.ru (manual_check); emex.ru (partner_api_or_export)
Chery,CY,ABK,Комплект ремня навесного оборудования,ТО,Ремни,high,exist.ru; relines.ru (manual_check); xn--80aaonli0a.xn--p1ai (manual_check); autoparts24.eu; shop.chinacar-club.ru (manual_check); emex.ru (partner_api_or_export)
Chery,CY,ABR,Ролик ремня навесного оборудования,ТО,Ремни,high,exist.ru; relines.ru (manual_check); xn--80aaonli0a.xn--p1ai (manual_check); autoparts24.eu; shop.chinacar-club.ru (manual_check); emex.ru (partner_api_or_export)
Chery,CY,ABT,Натяжитель ремня навесного оборудования,ТО,Ремни,high,exist.ru; relines.ru (manual_check); xn--80aaonli0a.xn--p1ai (manual_check); autoparts24.eu; shop.chinacar-club.ru (manual_check); emex.ru (partner_api_or_export)
Chery,CY,ODP,Пробка сливная масляного поддона,ТО,Фильтры и жидкости,high,exist.ru; relines.ru (manual_check); xn--80aaonli0a.xn--p1ai (manual_check); autoparts24.eu; shop.chinacar-club.ru (manual_check); emex.ru (partner_api_or_export)
Chery,CY,ODW,Шайба сливной пробки,ТО,Фильтры и жидкости,high,exist.ru; relines.ru (manual_check); xn--80aaonli0a.xn--p1ai (manual_check); autoparts24.eu; shop.chinacar-club.ru (manual_check); emex.ru (partner_api_or_export)
Chery,CY,ATF,Фильтр АКПП,Трансмиссия,АКПП,high,exist.ru; relines.ru (manual_check); xn--80aaonli0a.xn--p1ai (manual_check); autoparts24.eu; shop.chinacar-club.ru (manual_check); emex.ru (partner_api_or_export)
Chery,CY,ATG,Прокладка поддона АКПП,Трансмиссия,АКПП,high,exist.ru; relines.ru (manual_check); xn--80aaonli0a.xn--p1ai (manual_check); autoparts24.eu; shop.chinacar-club.ru (manual_check); emex.ru (partner_api_or_export)
Chery,CY,ATP,Поддон АКПП,Трансмиссия,АКПП,high,exist.ru; relines.ru (manual_check); xn--80aaonli0a.xn--p1ai (manual_check); autoparts24.eu; shop.chinacar-club.ru (manual_check); emex.ru (partner_api_or_export)
Chery,CY,CLK,Комплект сцепления,Трансмиссия,Сцепление,high,exist.ru; relines.ru (manual_check); xn--80aaonli0a.xn--p1ai (manual_check); autoparts24.eu; shop.chinacar-club.ru (manual_check); emex.ru (partner_api_or_export)
Chery,CY,CRB,Выжимной подшипник,Трансмиссия,Сцепление,high,exist.ru; relines.ru (manual_check); xn--80aaonli0a.xn--p1ai (manual_check); autoparts24.eu; shop.chinacar-club.ru (manual_check); emex.ru (partner_api_or_export)
Chery,CY,CVB,Пыльник ШРУС,Трансмиссия,Привод,high,exist.ru; relines.ru (manual_check); xn--80aaonli0a.xn--p1ai (manual_check); autoparts24.eu; shop.chinacar-club.ru (manual_check); emex.ru (partner_api_or_export)
Chery,CY,CVJ,ШРУС наружный,Трансмиссия,Привод,high,exist.ru; relines.ru (manual_check); xn--80aaonli0a.xn--p1ai (manual_check); autoparts24.eu; shop.chinacar-club.ru (manual_check); emex.ru (partner_api_or_export)
Chery,CY,HUR,Ступица задняя,Трансмиссия,Ступицы,high,exist.ru; relines.ru (manual_check); xn--80aaonli0a.xn--p1ai (manual_check); autoparts24.eu; shop.chinacar-club.ru (manual_check); emex.ru (partner_api_or_export)
Chery,CY,TMM,Подушка КПП,Трансмиссия,Опоры,high,exist.ru; relines.ru (manual_check); xn--80aaonli0a.xn--p1ai (manual_check); autoparts24.eu; shop.chinacar-club.ru (manual_check); emex.ru (partner_api_or_export)
Geely,GL,CKP,Датчик положения коленвала,Двигатель,Датчики,high,exist.ru; relines.ru (manual_check); xn--80aaonli0a.xn--p1ai (manual_check); autoparts24.eu; shop.chinacar-club.ru (manual_check); emex.ru (partner_api_or_export)
Geely,GL,CMP,Датчик положения распредвала,Двигатель,Датчики,high,exist.ru; relines.ru (manual_check); xn--80aaonli0a.xn--p1ai (manual_check); autoparts24.eu; shop.chinacar-club.ru (manual_check); emex.ru (partner_api_or_export)
Geely,GL,CMS,Сальник распредвала,Двигатель,Сальники,high,exist.ru; relines.ru (manual_check); xn--80aaonli0a.xn--p1ai (manual_check); autoparts24.eu; shop.chinacar-club.ru (manual_check); emex.ru (partner_api_or_export)
Geely,GL,CSF,Сальник коленвала передний,Двигатель,Сальники,high,exist.ru; relines.ru (manual_check); xn--80aaonli0a.xn--p1ai (manual_check); autoparts24.eu; shop.chinacar-club.ru (manual_check); emex.ru (partner_api_or_export)
Geely,GL,CSR,Сальник коленвала задний,Двигатель,Сальники,high,exist.ru; relines.ru (manual_check); xn--80aaonli0a.xn--p1ai (manual_check); autoparts24.eu; shop.chinacar-club.ru (manual_check); emex.ru (partner_api_or_export)
Geely,GL,EMB,Опора двигателя задняя,Двигатель,Опоры,high,exist.ru; relines.ru (manual_check); xn--80aaonli0a.xn--p1ai (manual_check); autoparts24.eu; shop.chinacar-club.ru (manual_check); emex.ru (partner_api_or_export)
Geely,GL,EMG,Прокладка выпускного коллектора,Двигатель,Прокладки,high,exist.ru; relines.ru (manual_check); xn--80aaonli0a.xn--p1ai (manual_check); autoparts24.eu; shop.chinacar-club.ru (manual_check); emex.ru (partner_api_or_export)
Geely,GL,EML,Опора двигателя левая,Двигатель,Опоры,high,exist.ru; relines.ru (manual_check); xn--80aaonli0a.xn--p1ai (manual_check); autoparts24.eu; shop.chinacar-club.ru (manual_check); emex.ru (partner_api_or_export)
Geely,GL,EMR,Опора двигателя правая,Двигатель,Опоры,high,exist.ru; relines.ru (manual_check); xn--80aaonli0a.xn--p1ai (manual_check); autoparts24.eu; shop.chinacar-club.ru (manual_check); emex.ru (partner_api_or_export)
Geely,GL,HGG,Прокладка ГБЦ,Двигатель,Прокладки,high,exist.ru; relines.ru (manual_check); xn--80aaonli0a.xn--p1ai (manual_check); autoparts24.eu; shop.chinacar-club.ru (manual_check); emex.ru (partner_api_or_export)
Geely,GL,IMG,Прокладка впускного коллектора,Двигатель,Прокладки,high,exist.ru; relines.ru (manual_check); xn--80aaonli0a.xn--p1ai (manual_check); autoparts24.eu; shop.chinacar-club.ru (manual_check); emex.ru (partner_api_or_export)
Geely,GL,MAF,Датчик массового расхода воздуха,Двигатель,Датчики,high,exist.ru; relines.ru (manual_check); xn--80aaonli0a.xn--p1ai (manual_check); autoparts24.eu; shop.chinacar-club.ru (manual_check); emex.ru (partner_api_or_export)
Geely,GL,MAP,Датчик абсолютного давления,Двигатель,Датчики,high,exist.ru; relines.ru (manual_check); xn--80aaonli0a.xn--p1ai (manual_check); autoparts24.eu; shop.chinacar-club.ru (manual_check); emex.ru (partner_api_or_export)
Geely,GL,OPM,Масляный насос,Двигатель,Смазка,high,exist.ru; relines.ru (manual_check); xn--80aaonli0a.xn--p1ai (manual_check); autoparts24.eu; shop.chinacar-club.ru (manual_check); emex.ru (partner_api_or_export)
Geely,GL,OPS,Датчик давления масла,Двигатель,Датчики,high,exist.ru; relines.ru (manual_check); xn--80aaonli0a.xn--p1ai (manual_check); autoparts24.eu; shop.chinacar-club.ru (manual_check); emex.ru (partner_api_or_export)
Geely,GL,PCV,Клапан вентиляции картерных газов,Двигатель,Вентиляция,high,exist.ru; relines.ru (manual_check); xn--80aaonli0a.xn--p1ai (manual_check); autoparts24.eu; shop.chinacar-club.ru (manual_check); emex.ru (partner_api_or_export)
Geely,GL,THB,Дроссельная заслонка,Двигатель,Впуск,high,exist.ru; relines.ru (manual_check); xn--80aaonli0a.xn--p1ai (manual_check); autoparts24.eu; shop.chinacar-club.ru (manual_check); emex.ru (partner_api_or_export)
Geely,GL,TK,Ремень/цепь ГРМ комплект,Двигатель,ГРМ,high,exist.ru; relines.ru (manual_check); xn--80aaonli0a.xn--p1ai (manual_check); autoparts24.eu; shop.chinacar-club.ru (manual_check); emex.ru (partner_api_or_export)
Geely,GL,VCG,Прокладка клапанной крышки,Двигатель,Прокладки,high,exist.ru; relines.ru (manual_check); xn--80aaonli0a.xn--p1ai (manual_check); autoparts24.eu; shop.chinacar-club.ru (manual_check); emex.ru (partner_api_or_export)
Geely,GL,EXC,Крышка расширительного бачка,Охлаждение,Охлаждение,high,exist.ru; relines.ru (manual_check); xn--80aaonli0a.xn--p1ai (manual_check); autoparts24.eu; shop.chinacar-club.ru (manual_check); emex.ru (partner_api_or_export)
Geely,GL,EXT,Расширительный бачок,Охлаждение,Охлаждение,high,exist.ru; relines.ru (manual_check); xn--80aaonli0a.xn--p1ai (manual_check); autoparts24.eu; shop.chinacar-club.ru (manual_check); emex.ru (partner_api_or_export)
Geely,GL,FAN,Вентилятор радиатора,Охлаждение,Охлаждение,high,exist.ru; relines.ru (manual_check); xn--80aaonli0a.xn--p1ai (manual_check); autoparts24.eu; shop.chinacar-club.ru (manual_check); emex.ru (partner_api_or_export)
Geely,GL,RAD,Радиатор охлаждения,Охлаждение,Охлаждение,high,exist.ru; relines.ru (manual_check); xn--80aaonli0a.xn--p1ai (manual_check); autoparts24.eu; shop.chinacar-club.ru (manual_check); emex.ru (partner_api_or_export)
Geely,GL,TSH,Корпус термостата,Охлаждение,Охлаждение,high,exist.ru; relines.ru (manual_check); xn--80aaonli0a.xn--p1ai (manual_check); autoparts24.eu; shop.chinacar-club.ru (manual_check); emex.ru (partner_api_or_export)
Geely,GL,TST,Термостат,Охлаждение,Охлаждение,high,exist.ru; relines.ru (manual_check); xn--80aaonli0a.xn--p1ai (manual_check); autoparts24.eu; shop.chinacar-club.ru (manual_check); emex.ru (partner_api_or_export)
Geely,GL,CAB,Сайлентблок переднего рычага,Подвеска,Сайлентблоки,high,exist.ru; relines.ru (manual_check); xn--80aaonli0a.xn--p1ai (manual_check); autoparts24.eu; shop.chinacar-club.ru (manual_check); emex.ru (partner_api_or_export)
Geely,GL,RAB,Сайлентблок заднего рычага,Подвеска,Сайлентблоки,high,exist.ru; relines.ru (manual_check); xn--80aaonli0a.xn--p1ai (manual_check); autoparts24.eu; shop.chinacar-club.ru (manual_check); emex.ru (partner_api_or_export)
Geely,GL,SBF,Втулка стабилизатора передняя,Подвеска,Стабилизатор,high,exist.ru; relines.ru (manual_check); xn--80aaonli0a.xn--p1ai (manual_check); autoparts24.eu; shop.chinacar-club.ru (manual_check); emex.ru (partner_api_or_export)
Geely,GL,SBR,Втулка стабилизатора задняя,Подвеска,Стабилизатор,high,exist.ru; relines.ru (manual_check); xn--80aaonli0a.xn--p1ai (manual_check); autoparts24.eu; shop.chinacar-club.ru (manual_check); emex.ru (partner_api_or_export)
Geely,GL,SPR,Пружина задняя,Подвеска,Пружины,high,exist.ru; relines.ru (manual_check); xn--80aaonli0a.xn--p1ai (manual_check); autoparts24.eu; shop.chinacar-club.ru (manual_check); emex.ru (partner_api_or_export)
Geely,GL,STM,Опора передней стойки,Подвеска,Передняя подвеска,high,exist.ru; relines.ru (manual_check); xn--80aaonli0a.xn--p1ai (manual_check); autoparts24.eu; shop.chinacar-club.ru (manual_check); emex.ru (partner_api_or_export)
Geely,GL,ABK,Комплект ремня навесного оборудования,ТО,Ремни,high,exist.ru; relines.ru (manual_check); xn--80aaonli0a.xn--p1ai (manual_check); autoparts24.eu; shop.chinacar-club.ru (manual_check); emex.ru (partner_api_or_export)
Geely,GL,ABR,Ролик ремня навесного оборудования,ТО,Ремни,high,exist.ru; relines.ru (manual_check); xn--80aaonli0a.xn--p1ai (manual_check); autoparts24.eu; shop.chinacar-club.ru (manual_check); emex.ru (partner_api_or_export)
Geely,GL,ABT,Натяжитель ремня навесного оборудования,ТО,Ремни,high,exist.ru; relines.ru (manual_check); xn--80aaonli0a.xn--p1ai (manual_check); autoparts24.eu; shop.chinacar-club.ru (manual_check); emex.ru (partner_api_or_export)
Geely,GL,ODP,Пробка сливная масляного поддона,ТО,Фильтры и жидкости,high,exist.ru; relines.ru (manual_check); xn--80aaonli0a.xn--p1ai (manual_check); autoparts24.eu; shop.chinacar-club.ru (manual_check); emex.ru (partner_api_or_export)
Geely,GL,ODW,Шайба сливной пробки,ТО,Фильтры и жидкости,high,exist.ru; relines.ru (manual_check); xn--80aaonli0a.xn--p1ai (manual_check); autoparts24.eu; shop.chinacar-club.ru (manual_check); emex.ru (partner_api_or_export)
Geely,GL,ATF,Фильтр АКПП,Трансмиссия,АКПП,high,exist.ru; relines.ru (manual_check); xn--80aaonli0a.xn--p1ai (manual_check); autoparts24.eu; shop.chinacar-club.ru (manual_check); emex.ru (partner_api_or_export)
Geely,GL,ATG,Прокладка поддона АКПП,Трансмиссия,АКПП,high,exist.ru; relines.ru (manual_check); xn--80aaonli0a.xn--p1ai (manual_check); autoparts24.eu; shop.chinacar-club.ru (manual_check); emex.ru (partner_api_or_export)
Geely,GL,ATP,Поддон АКПП,Трансмиссия,АКПП,high,exist.ru; relines.ru (manual_check); xn--80aaonli0a.xn--p1ai (manual_check); autoparts24.eu; shop.chinacar-club.ru (manual_check); emex.ru (partner_api_or_export)
Geely,GL,CLK,Комплект сцепления,Трансмиссия,Сцепление,high,exist.ru; relines.ru (manual_check); xn--80aaonli0a.xn--p1ai (manual_check); autoparts24.eu; shop.chinacar-club.ru (manual_check); emex.ru (partner_api_or_export)
Geely,GL,CMC,Главный цилиндр сцепления,Трансмиссия,Сцепление,high,exist.ru; relines.ru (manual_check); xn--80aaonli0a.xn--p1ai (manual_check); autoparts24.eu; shop.chinacar-club.ru (manual_check); emex.ru (partner_api_or_export)
Geely,GL,CRB,Выжимной подшипник,Трансмиссия,Сцепление,high,exist.ru; relines.ru (manual_check); xn--80aaonli0a.xn--p1ai (manual_check); autoparts24.eu; shop.chinacar-club.ru (manual_check); emex.ru (partner_api_or_export)
Geely,GL,CVB,Пыльник ШРУС,Трансмиссия,Привод,high,exist.ru; relines.ru (manual_check); xn--80aaonli0a.xn--p1ai (manual_check); autoparts24.eu; shop.chinacar-club.ru (manual_check); emex.ru (partner_api_or_export)
Geely,GL,CVJ,ШРУС наружный,Трансмиссия,Привод,high,exist.ru; relines.ru (manual_check); xn--80aaonli0a.xn--p1ai (manual_check); autoparts24.eu; shop.chinacar-club.ru (manual_check); emex.ru (partner_api_or_export)
Geely,GL,HUR,Ступица задняя,Трансмиссия,Ступицы,high,exist.ru; relines.ru (manual_check); xn--80aaonli0a.xn--p1ai (manual_check); autoparts24.eu; shop.chinacar-club.ru (manual_check); emex.ru (partner_api_or_export)
Geely,GL,TMM,Подушка КПП,Трансмиссия,Опоры,high,exist.ru; relines.ru (manual_check); xn--80aaonli0a.xn--p1ai (manual_check); autoparts24.eu; shop.chinacar-club.ru (manual_check); emex.ru (partner_api_or_export)
Haval,HV,CKP,Датчик положения коленвала,Двигатель,Датчики,high,exist.ru; irito-parts.ru (manual_check); relines.ru (manual_check); autoparts24.eu; shop.chinacar-club.ru (manual_check); emex.ru (partner_api_or_export)
Haval,HV,CMP,Датчик положения распредвала,Двигатель,Датчики,high,exist.ru; irito-parts.ru (manual_check); relines.ru (manual_check); autoparts24.eu; shop.chinacar-club.ru (manual_check); emex.ru (partner_api_or_export)
Haval,HV,CMS,Сальник распредвала,Двигатель,Сальники,high,exist.ru; irito-parts.ru (manual_check); relines.ru (manual_check); autoparts24.eu; shop.chinacar-club.ru (manual_check); emex.ru (partner_api_or_export)
Haval,HV,CSF,Сальник коленвала передний,Двигатель,Сальники,high,exist.ru; irito-parts.ru (manual_check); relines.ru (manual_check); autoparts24.eu; shop.chinacar-club.ru (manual_check); emex.ru (partner_api_or_export)
Haval,HV,CSR,Сальник коленвала задний,Двигатель,Сальники,high,exist.ru; irito-parts.ru (manual_check); relines.ru (manual_check); autoparts24.eu; shop.chinacar-club.ru (manual_check); emex.ru (partner_api_or_export)
Haval,HV,EMB,Опора двигателя задняя,Двигатель,Опоры,high,exist.ru; irito-parts.ru (manual_check); relines.ru (manual_check); autoparts24.eu; shop.chinacar-club.ru (manual_check); emex.ru (partner_api_or_export)
Haval,HV,EMG,Прокладка выпускного коллектора,Двигатель,Прокладки,high,exist.ru; irito-parts.ru (manual_check); relines.ru (manual_check); autoparts24.eu; shop.chinacar-club.ru (manual_check); emex.ru (partner_api_or_export)
Haval,HV,EML,Опора двигателя левая,Двигатель,Опоры,high,exist.ru; irito-parts.ru (manual_check); relines.ru (manual_check); autoparts24.eu; shop.chinacar-club.ru (manual_check); emex.ru (partner_api_or_export)
Haval,HV,EMR,Опора двигателя правая,Двигатель,Опоры,high,exist.ru; irito-parts.ru (manual_check); relines.ru (manual_check); autoparts24.eu; shop.chinacar-club.ru (manual_check); emex.ru (partner_api_or_export)
Haval,HV,HGG,Прокладка ГБЦ,Двигатель,Прокладки,high,exist.ru; irito-parts.ru (manual_check); relines.ru (manual_check); autoparts24.eu; shop.chinacar-club.ru (manual_check); emex.ru (partner_api_or_export)
Haval,HV,IMG,Прокладка впускного коллектора,Двигатель,Прокладки,high,exist.ru; irito-parts.ru (manual_check); relines.ru (manual_check); autoparts24.eu; shop.chinacar-club.ru (manual_check); emex.ru (partner_api_or_export)
Haval,HV,MAF,Датчик массового расхода воздуха,Двигатель,Датчики,high,exist.ru; irito-parts.ru (manual_check); relines.ru (manual_check); autoparts24.eu; shop.chinacar-club.ru (manual_check); emex.ru (partner_api_or_export)
Haval,HV,MAP,Датчик абсолютного давления,Двигатель,Датчики,high,exist.ru; irito-parts.ru (manual_check); relines.ru (manual_check); autoparts24.eu; shop.chinacar-club.ru (manual_check); emex.ru (partner_api_or_export)
Haval,HV,OPM,Масляный насос,Двигатель,Смазка,high,exist.ru; irito-parts.ru (manual_check); relines.ru (manual_check); autoparts24.eu; shop.chinacar-club.ru (manual_check); emex.ru (partner_api_or_export)
Haval,HV,OPS,Датчик давления масла,Двигатель,Датчики,high,exist.ru; irito-parts.ru (manual_check); relines.ru (manual_check); autoparts24.eu; shop.chinacar-club.ru (manual_check); emex.ru (partner_api_or_export)
Haval,HV,PCV,Клапан вентиляции картерных газов,Двигатель,Вентиляция,high,exist.ru; irito-parts.ru (manual_check); relines.ru (manual_check); autoparts24.eu; shop.chinacar-club.ru (manual_check); emex.ru (partner_api_or_export)
Haval,HV,THB,Дроссельная заслонка,Двигатель,Впуск,high,exist.ru; irito-parts.ru (manual_check); relines.ru (manual_check); autoparts24.eu; shop.chinacar-club.ru (manual_check); emex.ru (partner_api_or_export)
Haval,HV,TK,Ремень/цепь ГРМ комплект,Двигатель,ГРМ,high,exist.ru; irito-parts.ru (manual_check); relines.ru (manual_check); autoparts24.eu; shop.chinacar-club.ru (manual_check); emex.ru (partner_api_or_export)
Haval,HV,VCG,Прокладка клапанной крышки,Двигатель,Прокладки,high,exist.ru; irito-parts.ru (manual_check); relines.ru (manual_check); autoparts24.eu; shop.chinacar-club.ru (manual_check); emex.ru (partner_api_or_export)
Haval,HV,EXT,Расширительный бачок,Охлаждение,Охлаждение,high,exist.ru; irito-parts.ru (manual_check); relines.ru (manual_check); autoparts24.eu; shop.chinacar-club.ru (manual_check); emex.ru (partner_api_or_export)
Haval,HV,FAN,Вентилятор радиатора,Охлаждение,Охлаждение,high,exist.ru; irito-parts.ru (manual_check); relines.ru (manual_check); autoparts24.eu; shop.chinacar-club.ru (manual_check); emex.ru (partner_api_or_export)
Haval,HV,RAD,Радиатор охлаждения,Охлаждение,Охлаждение,high,exist.ru; irito-parts.ru (manual_check); relines.ru (manual_check); autoparts24.eu; shop.chinacar-club.ru (manual_check); emex.ru (partner_api_or_export)
Haval,HV,TSH,Корпус термостата,Охлаждение,Охлаждение,high,exist.ru; irito-parts.ru (manual_check); relines.ru (manual_check); autoparts24.eu; shop.chinacar-club.ru (manual_check); emex.ru (partner_api_or_export)
Haval,HV,TST,Термостат,Охлаждение,Охлаждение,high,exist.ru; irito-parts.ru (manual_check); relines.ru (manual_check); autoparts24.eu; shop.chinacar-club.ru (manual_check); emex.ru (partner_api_or_export)
Haval,HV,CAB,Сайлентблок переднего рычага,Подвеска,Сайлентблоки,high,exist.ru; irito-parts.ru (manual_check); relines.ru (manual_check); autoparts24.eu; shop.chinacar-club.ru (manual_check); emex.ru (partner_api_or_export)
Haval,HV,RAB,Сайлентблок заднего рычага,Подвеска,Сайлентблоки,high,exist.ru; irito-parts.ru (manual_check); relines.ru (manual_check); autoparts24.eu; shop.chinacar-club.ru (manual_check); emex.ru (partner_api_or_export)
Haval,HV,SBF,Втулка стабилизатора передняя,Подвеска,Стабилизатор,high,exist.ru; irito-parts.ru (manual_check); relines.ru (manual_check); autoparts24.eu; shop.chinacar-club.ru (manual_check); emex.ru (partner_api_or_export)
Haval,HV,SBR,Втулка стабилизатора задняя,Подвеска,Стабилизатор,high,exist.ru; irito-parts.ru (manual_check); relines.ru (manual_check); autoparts24.eu; shop.chinacar-club.ru (manual_check); emex.ru (partner_api_or_export)
Haval,HV,SPR,Пружина задняя,Подвеска,Пружины,high,exist.ru; irito-parts.ru (manual_check); relines.ru (manual_check); autoparts24.eu; shop.chinacar-club.ru (manual_check); emex.ru (partner_api_or_export)
Haval,HV,STM,Опора передней стойки,Подвеска,Передняя подвеска,high,exist.ru; irito-parts.ru (manual_check); relines.ru (manual_check); autoparts24.eu; shop.chinacar-club.ru (manual_check); emex.ru (partner_api_or_export)
Haval,HV,ABK,Комплект ремня навесного оборудования,ТО,Ремни,high,exist.ru; irito-parts.ru (manual_check); relines.ru (manual_check); autoparts24.eu; shop.chinacar-club.ru (manual_check); emex.ru (partner_api_or_export)
Haval,HV,ABR,Ролик ремня навесного оборудования,ТО,Ремни,high,exist.ru; irito-parts.ru (manual_check); relines.ru (manual_check); autoparts24.eu; shop.chinacar-club.ru (manual_check); emex.ru (partner_api_or_export)
Haval,HV,ABT,Натяжитель ремня навесного оборудования,ТО,Ремни,high,exist.ru; irito-parts.ru (manual_check); relines.ru (manual_check); autoparts24.eu; shop.chinacar-club.ru (manual_check); emex.ru (partner_api_or_export)
Haval,HV,ODP,Пробка сливная масляного поддона,ТО,Фильтры и жидкости,high,exist.ru; irito-parts.ru (manual_check); relines.ru (manual_check); autoparts24.eu; shop.chinacar-club.ru (manual_check); emex.ru (partner_api_or_export)
Haval,HV,ODW,Шайба сливной пробки,ТО,Фильтры и жидкости,high,exist.ru; irito-parts.ru (manual_check); relines.ru (manual_check); autoparts24.eu; shop.chinacar-club.ru (manual_check); emex.ru (partner_api_or_export)
Haval,HV,ATF,Фильтр АКПП,Трансмиссия,АКПП,high,exist.ru; irito-parts.ru (manual_check); relines.ru (manual_check); autoparts24.eu; shop.chinacar-club.ru (manual_check); emex.ru (partner_api_or_export)
Haval,HV,ATG,Прокладка поддона АКПП,Трансмиссия,АКПП,high,exist.ru; irito-parts.ru (manual_check); relines.ru (manual_check); autoparts24.eu; shop.chinacar-club.ru (manual_check); emex.ru (partner_api_or_export)
Haval,HV,ATP,Поддон АКПП,Трансмиссия,АКПП,high,exist.ru; irito-parts.ru (manual_check); relines.ru (manual_check); autoparts24.eu; shop.chinacar-club.ru (manual_check); emex.ru (partner_api_or_export)
Haval,HV,CLK,Комплект сцепления,Трансмиссия,Сцепление,high,exist.ru; irito-parts.ru (manual_check); relines.ru (manual_check); autoparts24.eu; shop.chinacar-club.ru (manual_check); emex.ru (partner_api_or_export)
Haval,HV,CRB,Выжимной подшипник,Трансмиссия,Сцепление,high,exist.ru; irito-parts.ru (manual_check); relines.ru (manual_check); autoparts24.eu; shop.chinacar-club.ru (manual_check); emex.ru (partner_api_or_export)
Haval,HV,CVB,Пыльник ШРУС,Трансмиссия,Привод,high,exist.ru; irito-parts.ru (manual_check); relines.ru (manual_check); autoparts24.eu; shop.chinacar-club.ru (manual_check); emex.ru (partner_api_or_export)
Haval,HV,CVJ,ШРУС наружный,Трансмиссия,Привод,high,exist.ru; irito-parts.ru (manual_check); relines.ru (manual_check); autoparts24.eu; shop.chinacar-club.ru (manual_check); emex.ru (partner_api_or_export)
Haval,HV,HUR,Ступица задняя,Трансмиссия,Ступицы,high,exist.ru; irito-parts.ru (manual_check); relines.ru (manual_check); autoparts24.eu; shop.chinacar-club.ru (manual_check); emex.ru (partner_api_or_export)
Haval,HV,TMM,Подушка КПП,Трансмиссия,Опоры,high,exist.ru; irito-parts.ru (manual_check); relines.ru (manual_check); autoparts24.eu; shop.chinacar-club.ru (manual_check); emex.ru (partner_api_or_export)
Tesla,TS,CKP,Датчик положения коленвала,Двигатель,Датчики,high,autoparts24.eu; exist.ru; parts.com (manual_check); usa-auto.ru (manual_check); findpart.org (manual_check); emex.ru (partner_api_or_export)
Tesla,TS,CMP,Датчик положения распредвала,Двигатель,Датчики,high,autoparts24.eu; exist.ru; parts.com (manual_check); usa-auto.ru (manual_check); findpart.org (manual_check); emex.ru (partner_api_or_export)
Tesla,TS,CMS,Сальник распредвала,Двигатель,Сальники,high,autoparts24.eu; exist.ru; parts.com (manual_check); usa-auto.ru (manual_check); findpart.org (manual_check); emex.ru (partner_api_or_export)
Tesla,TS,CSF,Сальник коленвала передний,Двигатель,Сальники,high,autoparts24.eu; exist.ru; parts.com (manual_check); usa-auto.ru (manual_check); findpart.org (manual_check); emex.ru (partner_api_or_export)
Tesla,TS,CSR,Сальник коленвала задний,Двигатель,Сальники,high,autoparts24.eu; exist.ru; parts.com (manual_check); usa-auto.ru (manual_check); findpart.org (manual_check); emex.ru (partner_api_or_export)
Tesla,TS,EMB,Опора двигателя задняя,Двигатель,Опоры,high,autoparts24.eu; exist.ru; parts.com (manual_check); usa-auto.ru (manual_check); findpart.org (manual_check); emex.ru (partner_api_or_export)
Tesla,TS,EMG,Прокладка выпускного коллектора,Двигатель,Прокладки,high,autoparts24.eu; exist.ru; parts.com (manual_check); usa-auto.ru (manual_check); findpart.org (manual_check); emex.ru (partner_api_or_export)
Tesla,TS,EML,Опора двигателя левая,Двигатель,Опоры,high,autoparts24.eu; exist.ru; parts.com (manual_check); usa-auto.ru (manual_check); findpart.org (manual_check); emex.ru (partner_api_or_export)
Tesla,TS,EMR,Опора двигателя правая,Двигатель,Опоры,high,autoparts24.eu; exist.ru; parts.com (manual_check); usa-auto.ru (manual_check); findpart.org (manual_check); emex.ru (partner_api_or_export)
Tesla,TS,HGG,Прокладка ГБЦ,Двигатель,Прокладки,high,autoparts24.eu; exist.ru; parts.com (manual_check); usa-auto.ru (manual_check); findpart.org (manual_check); emex.ru (partner_api_or_export)
Tesla,TS,IC,Катушка зажигания,Двигатель,Зажигание,high,autoparts24.eu; exist.ru; parts.com (manual_check); usa-auto.ru (manual_check); findpart.org (manual_check); emex.ru (partner_api_or_export)
Tesla,TS,IMG,Прокладка впускного коллектора,Двигатель,Прокладки,high,autoparts24.eu; exist.ru; parts.com (manual_check); usa-auto.ru (manual_check); findpart.org (manual_check); emex.ru (partner_api_or_export)
Tesla,TS,MAF,Датчик массового расхода воздуха,Двигатель,Датчики,high,autoparts24.eu; exist.ru; parts.com (manual_check); usa-auto.ru (manual_check); findpart.org (manual_check); emex.ru (partner_api_or_export)
Tesla,TS,MAP,Датчик абсолютного давления,Двигатель,Датчики,high,autoparts24.eu; exist.ru; parts.com (manual_check); usa-auto.ru (manual_check); findpart.org (manual_check); emex.ru (partner_api_or_export)
Tesla,TS,OPM,Масляный насос,Двигатель,Смазка,high,autoparts24.eu; exist.ru; parts.com (manual_check); usa-auto.ru (manual_check); findpart.org (manual_check); emex.ru (partner_api_or_export)
Tesla,TS,OPS,Датчик давления масла,Двигатель,Датчики,high,autoparts24.eu; exist.ru; parts.com (manual_check); usa-auto.ru (manual_check); findpart.org (manual_check); emex.ru (partner_api_or_export)
Tesla,TS,PCV,Клапан вентиляции картерных газов,Двигатель,Вентиляция,high,autoparts24.eu; exist.ru; parts.com (manual_check); usa-auto.ru (manual_check); findpart.org (manual_check); emex.ru (partner_api_or_export)
Tesla,TS,SP,Свеча зажигания,Двигатель,Зажигание,high,autoparts24.eu; exist.ru; parts.com (manual_check); usa-auto.ru (manual_check); findpart.org (manual_check); emex.ru (partner_api_or_export)
Tesla,TS,THB,Дроссельная заслонка,Двигатель,Впуск,high,autoparts24.eu; exist.ru; parts.com (manual_check); usa-auto.ru (manual_check); findpart.org (manual_check); emex.ru (partner_api_or_export)
Tesla,TS,TK,Ремень/цепь ГРМ комплект,Двигатель,ГРМ,high,autoparts24.eu; exist.ru; parts.com (manual_check); usa-auto.ru (manual_check); findpart.org (manual_check); emex.ru (partner_api_or_export)
Tesla,TS,VCG,Прокладка клапанной крышки,Двигатель,Прокладки,high,autoparts24.eu; exist.ru; parts.com (manual_check); usa-auto.ru (manual_check); findpart.org (manual_check); emex.ru (partner_api_or_export)
Tesla,TS,WP,Водяной насос,Двигатель,Охлаждение,high,autoparts24.eu; exist.ru; parts.com (manual_check); usa-auto.ru (manual_check); findpart.org (manual_check); emex.ru (partner_api_or_export)
Tesla,TS,EXC,Крышка расширительного бачка,Охлаждение,Охлаждение,high,autoparts24.eu; exist.ru; parts.com (manual_check); usa-auto.ru (manual_check); findpart.org (manual_check); emex.ru (partner_api_or_export)
Tesla,TS,EXT,Расширительный бачок,Охлаждение,Охлаждение,high,autoparts24.eu; exist.ru; parts.com (manual_check); usa-auto.ru (manual_check); findpart.org (manual_check); emex.ru (partner_api_or_export)
Tesla,TS,FAN,Вентилятор радиатора,Охлаждение,Охлаждение,high,autoparts24.eu; exist.ru; parts.com (manual_check); usa-auto.ru (manual_check); findpart.org (manual_check); emex.ru (partner_api_or_export)
Tesla,TS,TSH,Корпус термостата,Охлаждение,Охлаждение,high,autoparts24.eu; exist.ru; parts.com (manual_check); usa-auto.ru (manual_check); findpart.org (manual_check); emex.ru (partner_api_or_export)
Tesla,TS,TST,Термостат,Охлаждение,Охлаждение,high,autoparts24.eu; exist.ru; parts.com (manual_check); usa-auto.ru (manual_check); findpart.org (manual_check); emex.ru (partner_api_or_export)
Tesla,TS,BJT,Шаровая опора,Подвеска,Передняя подвеска,high,autoparts24.eu; exist.ru; parts.com (manual_check); usa-auto.ru (manual_check); findpart.org (manual_check); emex.ru (partner_api_or_export)
Tesla,TS,CAB,Сайлентблок переднего рычага,Подвеска,Сайлентблоки,high,autoparts24.eu; exist.ru; parts.com (manual_check); usa-auto.ru (manual_check); findpart.org (manual_check); emex.ru (partner_api_or_export)
Tesla,TS,RAB,Сайлентблок заднего рычага,Подвеска,Сайлентблоки,high,autoparts24.eu; exist.ru; parts.com (manual_check); usa-auto.ru (manual_check); findpart.org (manual_check); emex.ru (partner_api_or_export)
Tesla,TS,SBF,Втулка стабилизатора передняя,Подвеска,Стабилизатор,high,autoparts24.eu; exist.ru; parts.com (manual_check); usa-auto.ru (manual_check); findpart.org (manual_check); emex.ru (partner_api_or_export)
Tesla,TS,SBR,Втулка стабилизатора задняя,Подвеска,Стабилизатор,high,autoparts24.eu; exist.ru; parts.com (manual_check); usa-auto.ru (manual_check); findpart.org (manual_check); emex.ru (partner_api_or_export)
Tesla,TS,SPF,Пружина передняя,Подвеска,Пружины,high,autoparts24.eu; exist.ru; parts.com (manual_check); usa-auto.ru (manual_check); findpart.org (manual_check); emex.ru (partner_api_or_export)
Tesla,TS,SPR,Пружина задняя,Подвеска,Пружины,high,autoparts24.eu; exist.ru; parts.com (manual_check); usa-auto.ru (manual_check); findpart.org (manual_check); emex.ru (partner_api_or_export)
Tesla,TS,STM,Опора передней стойки,Подвеска,Передняя подвеска,high,autoparts24.eu; exist.ru; parts.com (manual_check); usa-auto.ru (manual_check); findpart.org (manual_check); emex.ru (partner_api_or_export)
Tesla,TS,ABK,Комплект ремня навесного оборудования,ТО,Ремни,high,autoparts24.eu; exist.ru; parts.com (manual_check); usa-auto.ru (manual_check); findpart.org (manual_check); emex.ru (partner_api_or_export)
Tesla,TS,ABR,Ролик ремня навесного оборудования,ТО,Ремни,high,autoparts24.eu; exist.ru; parts.com (manual_check); usa-auto.ru (manual_check); findpart.org (manual_check); emex.ru (partner_api_or_export)
Tesla,TS,ABT,Натяжитель ремня навесного оборудования,ТО,Ремни,high,autoparts24.eu; exist.ru; parts.com (manual_check); usa-auto.ru (manual_check); findpart.org (manual_check); emex.ru (partner_api_or_export)
Tesla,TS,AF,Воздушный фильтр,ТО,Фильтры,high,autoparts24.eu; exist.ru; parts.com (manual_check); usa-auto.ru (manual_check); findpart.org (manual_check); emex.ru (partner_api_or_export)
Tesla,TS,FF,Топливный фильтр,ТО,Фильтры,high,autoparts24.eu; exist.ru; parts.com (manual_check); usa-auto.ru (manual_check); findpart.org (manual_check); emex.ru (partner_api_or_export)
Tesla,TS,ODP,Пробка сливная масляного поддона,ТО,Фильтры и жидкости,high,autoparts24.eu; exist.ru; parts.com (manual_check); usa-auto.ru (manual_check); findpart.org (manual_check); emex.ru (partner_api_or_export)
Tesla,TS,ODW,Шайба сливной пробки,ТО,Фильтры и жидкости,high,autoparts24.eu; exist.ru; parts.com (manual_check); usa-auto.ru (manual_check); findpart.org (manual_check); emex.ru (partner_api_or_export)
Tesla,TS,OF,Масляный фильтр,ТО,Фильтры,high,autoparts24.eu; exist.ru; parts.com (manual_check); usa-auto.ru (manual_check); findpart.org (manual_check); emex.ru (partner_api_or_export)
Tesla,TS,ATF,Фильтр АКПП,Трансмиссия,АКПП,high,autoparts24.eu; exist.ru; parts.com (manual_check); usa-auto.ru (manual_check); findpart.org (manual_check); emex.ru (partner_api_or_export)
Tesla,TS,ATG,Прокладка поддона АКПП,Трансмиссия,АКПП,high,autoparts24.eu; exist.ru; parts.com (manual_check); usa-auto.ru (manual_check); findpart.org (manual_check); emex.ru (partner_api_or_export)
Tesla,TS,ATP,Поддон АКПП,Трансмиссия,АКПП,high,autoparts24.eu; exist.ru; parts.com (manual_check); usa-auto.ru (manual_check); findpart.org (manual_check); emex.ru (partner_api_or_export)
Tesla,TS,CLK,Комплект сцепления,Трансмиссия,Сцепление,high,autoparts24.eu; exist.ru; parts.com (manual_check); usa-auto.ru (manual_check); findpart.org (manual_check); emex.ru (partner_api_or_export)
Tesla,TS,CMC,Главный цилиндр сцепления,Трансмиссия,Сцепление,high,autoparts24.eu; exist.ru; parts.com (manual_check); usa-auto.ru (manual_check); findpart.org (manual_check); emex.ru (partner_api_or_export)
Tesla,TS,CRB,Выжимной подшипник,Трансмиссия,Сцепление,high,autoparts24.eu; exist.ru; parts.com (manual_check); usa-auto.ru (manual_check); findpart.org (manual_check); emex.ru (partner_api_or_export)
Tesla,TS,CVB,Пыльник ШРУС,Трансмиссия,Привод,high,autoparts24.eu; exist.ru; parts.com (manual_check); usa-auto.ru (manual_check); findpart.org (manual_check); emex.ru (partner_api_or_export)
Tesla,TS,CVJ,ШРУС наружный,Трансмиссия,Привод,high,autoparts24.eu; exist.ru; parts.com (manual_check); usa-auto.ru (manual_check); findpart.org (manual_check); emex.ru (partner_api_or_export)
Tesla,TS,HUF,Ступица передняя,Трансмиссия,Ступицы,high,autoparts24.eu; exist.ru; parts.com (manual_check); usa-auto.ru (manual_check); findpart.org (manual_check); emex.ru (partner_api_or_export)
Tesla,TS,HUR,Ступица задняя,Трансмиссия,Ступицы,high,autoparts24.eu; exist.ru; parts.com (manual_check); usa-auto.ru (manual_check); findpart.org (manual_check); emex.ru (partner_api_or_export)
Tesla,TS,TMM,Подушка КПП,Трансмиссия,Опоры,high,autoparts24.eu; exist.ru; parts.com (manual_check); usa-auto.ru (manual_check); findpart.org (manual_check); emex.ru (partner_api_or_export)
BYD,BY,MUF,Глушитель основной,Выхлоп,Выхлоп,normal,exist.ru; relines.ru (manual_check); xn--80aaonli0a.xn--p1ai (manual_check); autoparts24.eu; shop.chinacar-club.ru (manual_check); emex.ru (partner_api_or_export)
BYD,BY,ACR,Радиатор кондиционера,Климат,Кондиционер,normal,exist.ru; relines.ru (manual_check); xn--80aaonli0a.xn--p1ai (manual_check); autoparts24.eu; shop.chinacar-club.ru (manual_check); emex.ru (partner_api_or_export)
BYD,BY,HTR,Радиатор печки,Климат,Отопитель,normal,exist.ru; relines.ru (manual_check); xn--80aaonli0a.xn--p1ai (manual_check); autoparts24.eu; shop.chinacar-club.ru (manual_check); emex.ru (partner_api_or_export)
BYD,BY,HLL,Фара передняя левая,Кузов/свет,Оптика,normal,exist.ru; relines.ru (manual_check); xn--80aaonli0a.xn--p1ai (manual_check); autoparts24.eu; shop.chinacar-club.ru (manual_check); emex.ru (partner_api_or_export)
BYD,BY,HLR,Фара передняя правая,Кузов/свет,Оптика,normal,exist.ru; relines.ru (manual_check); xn--80aaonli0a.xn--p1ai (manual_check); autoparts24.eu; shop.chinacar-club.ru (manual_check); emex.ru (partner_api_or_export)
BYD,BY,ML,Зеркало левое,Кузов/свет,Кузов,normal,exist.ru; relines.ru (manual_check); xn--80aaonli0a.xn--p1ai (manual_check); autoparts24.eu; shop.chinacar-club.ru (manual_check); emex.ru (partner_api_or_export)
BYD,BY,MR,Зеркало правое,Кузов/свет,Кузов,normal,exist.ru; relines.ru (manual_check); xn--80aaonli0a.xn--p1ai (manual_check); autoparts24.eu; shop.chinacar-club.ru (manual_check); emex.ru (partner_api_or_export)
BYD,BY,TLL,Фонарь задний левый,Кузов/свет,Оптика,normal,exist.ru; relines.ru (manual_check); xn--80aaonli0a.xn--p1ai (manual_check); autoparts24.eu; shop.chinacar-club.ru (manual_check); emex.ru (partner_api_or_export)
BYD,BY,TLR,Фонарь задний правый,Кузов/свет,Оптика,normal,exist.ru; relines.ru (manual_check); xn--80aaonli0a.xn--p1ai (manual_check); autoparts24.eu; shop.chinacar-club.ru (manual_check); emex.ru (partner_api_or_export)
BYD,BY,PSP,Насос ГУР,Рулевое,ГУР,normal,exist.ru; relines.ru (manual_check); xn--80aaonli0a.xn--p1ai (manual_check); autoparts24.eu; shop.chinacar-club.ru (manual_check); emex.ru (partner_api_or_export)
BYD,BY,PSR,Бачок ГУР,Рулевое,ГУР,normal,exist.ru; relines.ru (manual_check); xn--80aaonli0a.xn--p1ai (manual_check); autoparts24.eu; shop.chinacar-club.ru (manual_check); emex.ru (partner_api_or_export)
BYD,BY,RCK,Рулевая рейка,Рулевое,Рулевое управление,normal,exist.ru; relines.ru (manual_check); xn--80aaonli0a.xn--p1ai (manual_check); autoparts24.eu; shop.chinacar-club.ru (manual_check); emex.ru (partner_api_or_export)
BYD,BY,TER,Рулевой наконечник правый,Рулевое,Рулевое управление,normal,exist.ru; relines.ru (manual_check); xn--80aaonli0a.xn--p1ai (manual_check); autoparts24.eu; shop.chinacar-club.ru (manual_check); emex.ru (partner_api_or_export)
BYD,BY,TRD,Рулевая тяга,Рулевое,Рулевое управление,normal,exist.ru; relines.ru (manual_check); xn--80aaonli0a.xn--p1ai (manual_check); autoparts24.eu; shop.chinacar-club.ru (manual_check); emex.ru (partner_api_or_export)
BYD,BY,FPR,Регулятор давления топлива,Топливная система,Топливо,normal,exist.ru; relines.ru (manual_check); xn--80aaonli0a.xn--p1ai (manual_check); autoparts24.eu; shop.chinacar-club.ru (manual_check); emex.ru (partner_api_or_export)
BYD,BY,FPU,Топливный насос,Топливная система,Топливо,normal,exist.ru; relines.ru (manual_check); xn--80aaonli0a.xn--p1ai (manual_check); autoparts24.eu; shop.chinacar-club.ru (manual_check); emex.ru (partner_api_or_export)
BYD,BY,INJ,Форсунка топливная,Топливная система,Топливо,normal,exist.ru; relines.ru (manual_check); xn--80aaonli0a.xn--p1ai (manual_check); autoparts24.eu; shop.chinacar-club.ru (manual_check); emex.ru (partner_api_or_export)
BYD,BY,BBR,Вакуумный усилитель тормозов,Тормоза,Гидравлика,normal,exist.ru; relines.ru (manual_check); xn--80aaonli0a.xn--p1ai (manual_check); autoparts24.eu; shop.chinacar-club.ru (manual_check); emex.ru (partner_api_or_export)
BYD,BY,BHF,Тормозной шланг передний,Тормоза,Гидравлика,normal,exist.ru; relines.ru (manual_check); xn--80aaonli0a.xn--p1ai (manual_check); autoparts24.eu; shop.chinacar-club.ru (manual_check); emex.ru (partner_api_or_export)
BYD,BY,BHR,Тормозной шланг задний,Тормоза,Гидравлика,normal,exist.ru; relines.ru (manual_check); xn--80aaonli0a.xn--p1ai (manual_check); autoparts24.eu; shop.chinacar-club.ru (manual_check); emex.ru (partner_api_or_export)
BYD,BY,BMC,Главный тормозной цилиндр,Тормоза,Гидравлика,normal,exist.ru; relines.ru (manual_check); xn--80aaonli0a.xn--p1ai (manual_check); autoparts24.eu; shop.chinacar-club.ru (manual_check); emex.ru (partner_api_or_export)
BYD,BY,CFLB,Суппорт передний левый,Тормоза,Суппорты,normal,exist.ru; relines.ru (manual_check); xn--80aaonli0a.xn--p1ai (manual_check); autoparts24.eu; shop.chinacar-club.ru (manual_check); emex.ru (partner_api_or_export)
BYD,BY,CFRB,Суппорт передний правый,Тормоза,Суппорты,normal,exist.ru; relines.ru (manual_check); xn--80aaonli0a.xn--p1ai (manual_check); autoparts24.eu; shop.chinacar-club.ru (manual_check); emex.ru (partner_api_or_export)
BYD,BY,INT,Интеркулер,Турбонаддув,Турбо,normal,exist.ru; relines.ru (manual_check); xn--80aaonli0a.xn--p1ai (manual_check); autoparts24.eu; shop.chinacar-club.ru (manual_check); emex.ru (partner_api_or_export)
BYD,BY,TCV,Клапан управления турбиной,Турбонаддув,Турбо,normal,exist.ru; relines.ru (manual_check); xn--80aaonli0a.xn--p1ai (manual_check); autoparts24.eu; shop.chinacar-club.ru (manual_check); emex.ru (partner_api_or_export)
BYD,BY,TUR,Турбокомпрессор,Турбонаддув,Турбо,normal,exist.ru; relines.ru (manual_check); xn--80aaonli0a.xn--p1ai (manual_check); autoparts24.eu; shop.chinacar-club.ru (manual_check); emex.ru (partner_api_or_export)
BYD,BY,ALT,Генератор,Электрика,Зарядка,normal,exist.ru; relines.ru (manual_check); xn--80aaonli0a.xn--p1ai (manual_check); autoparts24.eu; shop.chinacar-club.ru (manual_check); emex.ru (partner_api_or_export)
BYD,BY,BAT,Аккумулятор,Электрика,Питание,normal,exist.ru; relines.ru (manual_check); xn--80aaonli0a.xn--p1ai (manual_check); autoparts24.eu; shop.chinacar-club.ru (manual_check); emex.ru (partner_api_or_export)
BYD,BY,PDC,Датчик парковки,Электрика,Парктроник,normal,exist.ru; relines.ru (manual_check); xn--80aaonli0a.xn--p1ai (manual_check); autoparts24.eu; shop.chinacar-club.ru (manual_check); emex.ru (partner_api_or_export)
BYD,BY,STA,Стартер,Электрика,Пуск,normal,exist.ru; relines.ru (manual_check); xn--80aaonli0a.xn--p1ai (manual_check); autoparts24.eu; shop.chinacar-club.ru (manual_check); emex.ru (partner_api_or_export)
BYD,BY,TPM,Датчик давления шин,Электрика,TPMS,normal,exist.ru; relines.ru (manual_check); xn--80aaonli0a.xn--p1ai (manual_check); autoparts24.eu; shop.chinacar-club.ru (manual_check); emex.ru (partner_api_or_export)
BYD,BY,WPM,Мотор стеклоочистителя,Электрика,Стеклоочистители,normal,exist.ru; relines.ru (manual_check); xn--80aaonli0a.xn--p1ai (manual_check); autoparts24.eu; shop.chinacar-club.ru (manual_check); emex.ru (partner_api_or_export)
Changan,CG,MUF,Глушитель основной,Выхлоп,Выхлоп,normal,exist.ru; relines.ru (manual_check); xn--80aaonli0a.xn--p1ai (manual_check); autoparts24.eu; shop.chinacar-club.ru (manual_check); emex.ru (partner_api_or_export)
Changan,CG,ACC,Компрессор кондиционера,Климат,Кондиционер,normal,exist.ru; relines.ru (manual_check); xn--80aaonli0a.xn--p1ai (manual_check); autoparts24.eu; shop.chinacar-club.ru (manual_check); emex.ru (partner_api_or_export)
Changan,CG,ACR,Радиатор кондиционера,Климат,Кондиционер,normal,exist.ru; relines.ru (manual_check); xn--80aaonli0a.xn--p1ai (manual_check); autoparts24.eu; shop.chinacar-club.ru (manual_check); emex.ru (partner_api_or_export)
Changan,CG,HLL,Фара передняя левая,Кузов/свет,Оптика,normal,exist.ru; relines.ru (manual_check); xn--80aaonli0a.xn--p1ai (manual_check); autoparts24.eu; shop.chinacar-club.ru (manual_check); emex.ru (partner_api_or_export)
Changan,CG,HLR,Фара передняя правая,Кузов/свет,Оптика,normal,exist.ru; relines.ru (manual_check); xn--80aaonli0a.xn--p1ai (manual_check); autoparts24.eu; shop.chinacar-club.ru (manual_check); emex.ru (partner_api_or_export)
Changan,CG,ML,Зеркало левое,Кузов/свет,Кузов,normal,exist.ru; relines.ru (manual_check); xn--80aaonli0a.xn--p1ai (manual_check); autoparts24.eu; shop.chinacar-club.ru (manual_check); emex.ru (partner_api_or_export)
Changan,CG,MR,Зеркало правое,Кузов/свет,Кузов,normal,exist.ru; relines.ru (manual_check); xn--80aaonli0a.xn--p1ai (manual_check); autoparts24.eu; shop.chinacar-club.ru (manual_check); emex.ru (partner_api_or_export)
Changan,CG,TLL,Фонарь задний левый,Кузов/свет,Оптика,normal,exist.ru; relines.ru (manual_check); xn--80aaonli0a.xn--p1ai (manual_check); autoparts24.eu; shop.chinacar-club.ru (manual_check); emex.ru (partner_api_or_export)
Changan,CG,TLR,Фонарь задний правый,Кузов/свет,Оптика,normal,exist.ru; relines.ru (manual_check); xn--80aaonli0a.xn--p1ai (manual_check); autoparts24.eu; shop.chinacar-club.ru (manual_check); emex.ru (partner_api_or_export)
Changan,CG,PSP,Насос ГУР,Рулевое,ГУР,normal,exist.ru; relines.ru (manual_check); xn--80aaonli0a.xn--p1ai (manual_check); autoparts24.eu; shop.chinacar-club.ru (manual_check); emex.ru (partner_api_or_export)
Changan,CG,PSR,Бачок ГУР,Рулевое,ГУР,normal,exist.ru; relines.ru (manual_check); xn--80aaonli0a.xn--p1ai (manual_check); autoparts24.eu; shop.chinacar-club.ru (manual_check); emex.ru (partner_api_or_export)
Changan,CG,RCK,Рулевая рейка,Рулевое,Рулевое управление,normal,exist.ru; relines.ru (manual_check); xn--80aaonli0a.xn--p1ai (manual_check); autoparts24.eu; shop.chinacar-club.ru (manual_check); emex.ru (partner_api_or_export)
Changan,CG,TER,Рулевой наконечник правый,Рулевое,Рулевое управление,normal,exist.ru; relines.ru (manual_check); xn--80aaonli0a.xn--p1ai (manual_check); autoparts24.eu; shop.chinacar-club.ru (manual_check); emex.ru (partner_api_or_export)
Changan,CG,TRD,Рулевая тяга,Рулевое,Рулевое управление,normal,exist.ru; relines.ru (manual_check); xn--80aaonli0a.xn--p1ai (manual_check); autoparts24.eu; shop.chinacar-club.ru (manual_check); emex.ru (partner_api_or_export)
Changan,CG,FPR,Регулятор давления топлива,Топливная система,Топливо,normal,exist.ru; relines.ru (manual_check); xn--80aaonli0a.xn--p1ai (manual_check); autoparts24.eu; shop.chinacar-club.ru (manual_check); emex.ru (partner_api_or_export)
Changan,CG,FPU,Топливный насос,Топливная система,Топливо,normal,exist.ru; relines.ru (manual_check); xn--80aaonli0a.xn--p1ai (manual_check); autoparts24.eu; shop.chinacar-club.ru (manual_check); emex.ru (partner_api_or_export)
Changan,CG,INJ,Форсунка топливная,Топливная система,Топливо,normal,exist.ru; relines.ru (manual_check); xn--80aaonli0a.xn--p1ai (manual_check); autoparts24.eu; shop.chinacar-club.ru (manual_check); emex.ru (partner_api_or_export)
Changan,CG,BHF,Тормозной шланг передний,Тормоза,Гидравлика,normal,exist.ru; relines.ru (manual_check); xn--80aaonli0a.xn--p1ai (manual_check); autoparts24.eu; shop.chinacar-club.ru (manual_check); emex.ru (partner_api_or_export)
Changan,CG,BHR,Тормозной шланг задний,Тормоза,Гидравлика,normal,exist.ru; relines.ru (manual_check); xn--80aaonli0a.xn--p1ai (manual_check); autoparts24.eu; shop.chinacar-club.ru (manual_check); emex.ru (partner_api_or_export)
Changan,CG,BMC,Главный тормозной цилиндр,Тормоза,Гидравлика,normal,exist.ru; relines.ru (manual_check); xn--80aaonli0a.xn--p1ai (manual_check); autoparts24.eu; shop.chinacar-club.ru (manual_check); emex.ru (partner_api_or_export)
Changan,CG,CFLB,Суппорт передний левый,Тормоза,Суппорты,normal,exist.ru; relines.ru (manual_check); xn--80aaonli0a.xn--p1ai (manual_check); autoparts24.eu; shop.chinacar-club.ru (manual_check); emex.ru (partner_api_or_export)
Changan,CG,CFRB,Суппорт передний правый,Тормоза,Суппорты,normal,exist.ru; relines.ru (manual_check); xn--80aaonli0a.xn--p1ai (manual_check); autoparts24.eu; shop.chinacar-club.ru (manual_check); emex.ru (partner_api_or_export)
Changan,CG,TUR,Турбокомпрессор,Турбонаддув,Турбо,normal,exist.ru; relines.ru (manual_check); xn--80aaonli0a.xn--p1ai (manual_check); autoparts24.eu; shop.chinacar-club.ru (manual_check); emex.ru (partner_api_or_export)
Changan,CG,ALT,Генератор,Электрика,Зарядка,normal,exist.ru; relines.ru (manual_check); xn--80aaonli0a.xn--p1ai (manual_check); autoparts24.eu; shop.chinacar-club.ru (manual_check); emex.ru (partner_api_or_export)
Changan,CG,BAT,Аккумулятор,Электрика,Питание,normal,exist.ru; relines.ru (manual_check); xn--80aaonli0a.xn--p1ai (manual_check); autoparts24.eu; shop.chinacar-club.ru (manual_check); emex.ru (partner_api_or_export)
Changan,CG,STA,Стартер,Электрика,Пуск,normal,exist.ru; relines.ru (manual_check); xn--80aaonli0a.xn--p1ai (manual_check); autoparts24.eu; shop.chinacar-club.ru (manual_check); emex.ru (partner_api_or_export)
Chery,CY,MUF,Глушитель основной,Выхлоп,Выхлоп,normal,exist.ru; relines.ru (manual_check); xn--80aaonli0a.xn--p1ai (manual_check); autoparts24.eu; shop.chinacar-club.ru (manual_check); emex.ru (partner_api_or_export)
Chery,CY,ACC,Компрессор кондиционера,Климат,Кондиционер,normal,exist.ru; relines.ru (manual_check); xn--80aaonli0a.xn--p1ai (manual_check); autoparts24.eu; shop.chinacar-club.ru (manual_check); emex.ru (partner_api_or_export)
Chery,CY,ACR,Радиатор кондиционера,Климат,Кондиционер,normal,exist.ru; relines.ru (manual_check); xn--80aaonli0a.xn--p1ai (manual_check); autoparts24.eu; shop.chinacar-club.ru (manual_check); emex.ru (partner_api_or_export)
Chery,CY,HLL,Фара передняя левая,Кузов/свет,Оптика,normal,exist.ru; relines.ru (manual_check); xn--80aaonli0a.xn--p1ai (manual_check); autoparts24.eu; shop.chinacar-club.ru (manual_check); emex.ru (partner_api_or_export)
Chery,CY,HLR,Фара передняя правая,Кузов/свет,Оптика,normal,exist.ru; relines.ru (manual_check); xn--80aaonli0a.xn--p1ai (manual_check); autoparts24.eu; shop.chinacar-club.ru (manual_check); emex.ru (partner_api_or_export)
Chery,CY,ML,Зеркало левое,Кузов/свет,Кузов,normal,exist.ru; relines.ru (manual_check); xn--80aaonli0a.xn--p1ai (manual_check); autoparts24.eu; shop.chinacar-club.ru (manual_check); emex.ru (partner_api_or_export)
Chery,CY,MR,Зеркало правое,Кузов/свет,Кузов,normal,exist.ru; relines.ru (manual_check); xn--80aaonli0a.xn--p1ai (manual_check); autoparts24.eu; shop.chinacar-club.ru (manual_check); emex.ru (partner_api_or_export)
Chery,CY,TLL,Фонарь задний левый,Кузов/свет,Оптика,normal,exist.ru; relines.ru (manual_check); xn--80aaonli0a.xn--p1ai (manual_check); autoparts24.eu; shop.chinacar-club.ru (manual_check); emex.ru (partner_api_or_export)
Chery,CY,TLR,Фонарь задний правый,Кузов/свет,Оптика,normal,exist.ru; relines.ru (manual_check); xn--80aaonli0a.xn--p1ai (manual_check); autoparts24.eu; shop.chinacar-club.ru (manual_check); emex.ru (partner_api_or_export)
Chery,CY,PSP,Насос ГУР,Рулевое,ГУР,normal,exist.ru; relines.ru (manual_check); xn--80aaonli0a.xn--p1ai (manual_check); autoparts24.eu; shop.chinacar-club.ru (manual_check); emex.ru (partner_api_or_export)
Chery,CY,PSR,Бачок ГУР,Рулевое,ГУР,normal,exist.ru; relines.ru (manual_check); xn--80aaonli0a.xn--p1ai (manual_check); autoparts24.eu; shop.chinacar-club.ru (manual_check); emex.ru (partner_api_or_export)
Chery,CY,RCK,Рулевая рейка,Рулевое,Рулевое управление,normal,exist.ru; relines.ru (manual_check); xn--80aaonli0a.xn--p1ai (manual_check); autoparts24.eu; shop.chinacar-club.ru (manual_check); emex.ru (partner_api_or_export)
Chery,CY,TER,Рулевой наконечник правый,Рулевое,Рулевое управление,normal,exist.ru; relines.ru (manual_check); xn--80aaonli0a.xn--p1ai (manual_check); autoparts24.eu; shop.chinacar-club.ru (manual_check); emex.ru (partner_api_or_export)
Chery,CY,TRD,Рулевая тяга,Рулевое,Рулевое управление,normal,exist.ru; relines.ru (manual_check); xn--80aaonli0a.xn--p1ai (manual_check); autoparts24.eu; shop.chinacar-club.ru (manual_check); emex.ru (partner_api_or_export)
Chery,CY,FPR,Регулятор давления топлива,Топливная система,Топливо,normal,exist.ru; relines.ru (manual_check); xn--80aaonli0a.xn--p1ai (manual_check); autoparts24.eu; shop.chinacar-club.ru (manual_check); emex.ru (partner_api_or_export)
Chery,CY,FPU,Топливный насос,Топливная система,Топливо,normal,exist.ru; relines.ru (manual_check); xn--80aaonli0a.xn--p1ai (manual_check); autoparts24.eu; shop.chinacar-club.ru (manual_check); emex.ru (partner_api_or_export)
Chery,CY,INJ,Форсунка топливная,Топливная система,Топливо,normal,exist.ru; relines.ru (manual_check); xn--80aaonli0a.xn--p1ai (manual_check); autoparts24.eu; shop.chinacar-club.ru (manual_check); emex.ru (partner_api_or_export)
Chery,CY,BHF,Тормозной шланг передний,Тормоза,Гидравлика,normal,exist.ru; relines.ru (manual_check); xn--80aaonli0a.xn--p1ai (manual_check); autoparts24.eu; shop.chinacar-club.ru (manual_check); emex.ru (partner_api_or_export)
Chery,CY,BHR,Тормозной шланг задний,Тормоза,Гидравлика,normal,exist.ru; relines.ru (manual_check); xn--80aaonli0a.xn--p1ai (manual_check); autoparts24.eu; shop.chinacar-club.ru (manual_check); emex.ru (partner_api_or_export)
Chery,CY,BMC,Главный тормозной цилиндр,Тормоза,Гидравлика,normal,exist.ru; relines.ru (manual_check); xn--80aaonli0a.xn--p1ai (manual_check); autoparts24.eu; shop.chinacar-club.ru (manual_check); emex.ru (partner_api_or_export)
Chery,CY,CFLB,Суппорт передний левый,Тормоза,Суппорты,normal,exist.ru; relines.ru (manual_check); xn--80aaonli0a.xn--p1ai (manual_check); autoparts24.eu; shop.chinacar-club.ru (manual_check); emex.ru (partner_api_or_export)
Chery,CY,CFRB,Суппорт передний правый,Тормоза,Суппорты,normal,exist.ru; relines.ru (manual_check); xn--80aaonli0a.xn--p1ai (manual_check); autoparts24.eu; shop.chinacar-club.ru (manual_check); emex.ru (partner_api_or_export)
Chery,CY,TUR,Турбокомпрессор,Турбонаддув,Турбо,normal,exist.ru; relines.ru (manual_check); xn--80aaonli0a.xn--p1ai (manual_check); autoparts24.eu; shop.chinacar-club.ru (manual_check); emex.ru (partner_api_or_export)
Chery,CY,ALT,Генератор,Электрика,Зарядка,normal,exist.ru; relines.ru (manual_check); xn--80aaonli0a.xn--p1ai (manual_check); autoparts24.eu; shop.chinacar-club.ru (manual_check); emex.ru (partner_api_or_export)
Chery,CY,BAT,Аккумулятор,Электрика,Питание,normal,exist.ru; relines.ru (manual_check); xn--80aaonli0a.xn--p1ai (manual_check); autoparts24.eu; shop.chinacar-club.ru (manual_check); emex.ru (partner_api_or_export)
Chery,CY,STA,Стартер,Электрика,Пуск,normal,exist.ru; relines.ru (manual_check); xn--80aaonli0a.xn--p1ai (manual_check); autoparts24.eu; shop.chinacar-club.ru (manual_check); emex.ru (partner_api_or_export)
Geely,GL,MUF,Глушитель основной,Выхлоп,Выхлоп,normal,exist.ru; relines.ru (manual_check); xn--80aaonli0a.xn--p1ai (manual_check); autoparts24.eu; shop.chinacar-club.ru (manual_check); emex.ru (partner_api_or_export)
Geely,GL,ACC,Компрессор кондиционера,Климат,Кондиционер,normal,exist.ru; relines.ru (manual_check); xn--80aaonli0a.xn--p1ai (manual_check); autoparts24.eu; shop.chinacar-club.ru (manual_check); emex.ru (partner_api_or_export)
Geely,GL,ACR,Радиатор кондиционера,Климат,Кондиционер,normal,exist.ru; relines.ru (manual_check); xn--80aaonli0a.xn--p1ai (manual_check); autoparts24.eu; shop.chinacar-club.ru (manual_check); emex.ru (partner_api_or_export)
Geely,GL,HTR,Радиатор печки,Климат,Отопитель,normal,exist.ru; relines.ru (manual_check); xn--80aaonli0a.xn--p1ai (manual_check); autoparts24.eu; shop.chinacar-club.ru (manual_check); emex.ru (partner_api_or_export)
Geely,GL,HLL,Фара передняя левая,Кузов/свет,Оптика,normal,exist.ru; relines.ru (manual_check); xn--80aaonli0a.xn--p1ai (manual_check); autoparts24.eu; shop.chinacar-club.ru (manual_check); emex.ru (partner_api_or_export)
Geely,GL,HLR,Фара передняя правая,Кузов/свет,Оптика,normal,exist.ru; relines.ru (manual_check); xn--80aaonli0a.xn--p1ai (manual_check); autoparts24.eu; shop.chinacar-club.ru (manual_check); emex.ru (partner_api_or_export)
Geely,GL,ML,Зеркало левое,Кузов/свет,Кузов,normal,exist.ru; relines.ru (manual_check); xn--80aaonli0a.xn--p1ai (manual_check); autoparts24.eu; shop.chinacar-club.ru (manual_check); emex.ru (partner_api_or_export)
Geely,GL,MR,Зеркало правое,Кузов/свет,Кузов,normal,exist.ru; relines.ru (manual_check); xn--80aaonli0a.xn--p1ai (manual_check); autoparts24.eu; shop.chinacar-club.ru (manual_check); emex.ru (partner_api_or_export)
Geely,GL,TLL,Фонарь задний левый,Кузов/свет,Оптика,normal,exist.ru; relines.ru (manual_check); xn--80aaonli0a.xn--p1ai (manual_check); autoparts24.eu; shop.chinacar-club.ru (manual_check); emex.ru (partner_api_or_export)
Geely,GL,TLR,Фонарь задний правый,Кузов/свет,Оптика,normal,exist.ru; relines.ru (manual_check); xn--80aaonli0a.xn--p1ai (manual_check); autoparts24.eu; shop.chinacar-club.ru (manual_check); emex.ru (partner_api_or_export)
Geely,GL,PSP,Насос ГУР,Рулевое,ГУР,normal,exist.ru; relines.ru (manual_check); xn--80aaonli0a.xn--p1ai (manual_check); autoparts24.eu; shop.chinacar-club.ru (manual_check); emex.ru (partner_api_or_export)
Geely,GL,PSR,Бачок ГУР,Рулевое,ГУР,normal,exist.ru; relines.ru (manual_check); xn--80aaonli0a.xn--p1ai (manual_check); autoparts24.eu; shop.chinacar-club.ru (manual_check); emex.ru (partner_api_or_export)
Geely,GL,RCK,Рулевая рейка,Рулевое,Рулевое управление,normal,exist.ru; relines.ru (manual_check); xn--80aaonli0a.xn--p1ai (manual_check); autoparts24.eu; shop.chinacar-club.ru (manual_check); emex.ru (partner_api_or_export)
Geely,GL,TEL,Рулевой наконечник левый,Рулевое,Рулевое управление,normal,exist.ru; relines.ru (manual_check); xn--80aaonli0a.xn--p1ai (manual_check); autoparts24.eu; shop.chinacar-club.ru (manual_check); emex.ru (partner_api_or_export)
Geely,GL,TER,Рулевой наконечник правый,Рулевое,Рулевое управление,normal,exist.ru; relines.ru (manual_check); xn--80aaonli0a.xn--p1ai (manual_check); autoparts24.eu; shop.chinacar-club.ru (manual_check); emex.ru (partner_api_or_export)
Geely,GL,TRD,Рулевая тяга,Рулевое,Рулевое управление,normal,exist.ru; relines.ru (manual_check); xn--80aaonli0a.xn--p1ai (manual_check); autoparts24.eu; shop.chinacar-club.ru (manual_check); emex.ru (partner_api_or_export)
Geely,GL,FPR,Регулятор давления топлива,Топливная система,Топливо,normal,exist.ru; relines.ru (manual_check); xn--80aaonli0a.xn--p1ai (manual_check); autoparts24.eu; shop.chinacar-club.ru (manual_check); emex.ru (partner_api_or_export)
Geely,GL,FPU,Топливный насос,Топливная система,Топливо,normal,exist.ru; relines.ru (manual_check); xn--80aaonli0a.xn--p1ai (manual_check); autoparts24.eu; shop.chinacar-club.ru (manual_check); emex.ru (partner_api_or_export)
Geely,GL,INJ,Форсунка топливная,Топливная система,Топливо,normal,exist.ru; relines.ru (manual_check); xn--80aaonli0a.xn--p1ai (manual_check); autoparts24.eu; shop.chinacar-club.ru (manual_check); emex.ru (partner_api_or_export)
Geely,GL,BBR,Вакуумный усилитель тормозов,Тормоза,Гидравлика,normal,exist.ru; relines.ru (manual_check); xn--80aaonli0a.xn--p1ai (manual_check); autoparts24.eu; shop.chinacar-club.ru (manual_check); emex.ru (partner_api_or_export)
Geely,GL,BHF,Тормозной шланг передний,Тормоза,Гидравлика,normal,exist.ru; relines.ru (manual_check); xn--80aaonli0a.xn--p1ai (manual_check); autoparts24.eu; shop.chinacar-club.ru (manual_check); emex.ru (partner_api_or_export)
Geely,GL,BHR,Тормозной шланг задний,Тормоза,Гидравлика,normal,exist.ru; relines.ru (manual_check); xn--80aaonli0a.xn--p1ai (manual_check); autoparts24.eu; shop.chinacar-club.ru (manual_check); emex.ru (partner_api_or_export)
Geely,GL,BMC,Главный тормозной цилиндр,Тормоза,Гидравлика,normal,exist.ru; relines.ru (manual_check); xn--80aaonli0a.xn--p1ai (manual_check); autoparts24.eu; shop.chinacar-club.ru (manual_check); emex.ru (partner_api_or_export)
Geely,GL,CFLB,Суппорт передний левый,Тормоза,Суппорты,normal,exist.ru; relines.ru (manual_check); xn--80aaonli0a.xn--p1ai (manual_check); autoparts24.eu; shop.chinacar-club.ru (manual_check); emex.ru (partner_api_or_export)
Geely,GL,CFRB,Суппорт передний правый,Тормоза,Суппорты,normal,exist.ru; relines.ru (manual_check); xn--80aaonli0a.xn--p1ai (manual_check); autoparts24.eu; shop.chinacar-club.ru (manual_check); emex.ru (partner_api_or_export)
Geely,GL,INT,Интеркулер,Турбонаддув,Турбо,normal,exist.ru; relines.ru (manual_check); xn--80aaonli0a.xn--p1ai (manual_check); autoparts24.eu; shop.chinacar-club.ru (manual_check); emex.ru (partner_api_or_export)
Geely,GL,TCV,Клапан управления турбиной,Турбонаддув,Турбо,normal,exist.ru; relines.ru (manual_check); xn--80aaonli0a.xn--p1ai (manual_check); autoparts24.eu; shop.chinacar-club.ru (manual_check); emex.ru (partner_api_or_export)
Geely,GL,TUR,Турбокомпрессор,Турбонаддув,Турбо,normal,exist.ru; relines.ru (manual_check); xn--80aaonli0a.xn--p1ai (manual_check); autoparts24.eu; shop.chinacar-club.ru (manual_check); emex.ru (partner_api_or_export)
Geely,GL,ALT,Генератор,Электрика,Зарядка,normal,exist.ru; relines.ru (manual_check); xn--80aaonli0a.xn--p1ai (manual_check); autoparts24.eu; shop.chinacar-club.ru (manual_check); emex.ru (partner_api_or_export)
Geely,GL,BAT,Аккумулятор,Электрика,Питание,normal,exist.ru; relines.ru (manual_check); xn--80aaonli0a.xn--p1ai (manual_check); autoparts24.eu; shop.chinacar-club.ru (manual_check); emex.ru (partner_api_or_export)
Geely,GL,PDC,Датчик парковки,Электрика,Парктроник,normal,exist.ru; relines.ru (manual_check); xn--80aaonli0a.xn--p1ai (manual_check); autoparts24.eu; shop.chinacar-club.ru (manual_check); emex.ru (partner_api_or_export)
Geely,GL,STA,Стартер,Электрика,Пуск,normal,exist.ru; relines.ru (manual_check); xn--80aaonli0a.xn--p1ai (manual_check); autoparts24.eu; shop.chinacar-club.ru (manual_check); emex.ru (partner_api_or_export)
Geely,GL,TPM,Датчик давления шин,Электрика,TPMS,normal,exist.ru; relines.ru (manual_check); xn--80aaonli0a.xn--p1ai (manual_check); autoparts24.eu; shop.chinacar-club.ru (manual_check); emex.ru (partner_api_or_export)
Geely,GL,WPM,Мотор стеклоочистителя,Электрика,Стеклоочистители,normal,exist.ru; relines.ru (manual_check); xn--80aaonli0a.xn--p1ai (manual_check); autoparts24.eu; shop.chinacar-club.ru (manual_check); emex.ru (partner_api_or_export)
Haval,HV,MUF,Глушитель основной,Выхлоп,Выхлоп,normal,exist.ru; irito-parts.ru (manual_check); relines.ru (manual_check); autoparts24.eu; shop.chinacar-club.ru (manual_check); emex.ru (partner_api_or_export)
Haval,HV,ACC,Компрессор кондиционера,Климат,Кондиционер,normal,exist.ru; irito-parts.ru (manual_check); relines.ru (manual_check); autoparts24.eu; shop.chinacar-club.ru (manual_check); emex.ru (partner_api_or_export)
Haval,HV,ACR,Радиатор кондиционера,Климат,Кондиционер,normal,exist.ru; irito-parts.ru (manual_check); relines.ru (manual_check); autoparts24.eu; shop.chinacar-club.ru (manual_check); emex.ru (partner_api_or_export)
Haval,HV,HLL,Фара передняя левая,Кузов/свет,Оптика,normal,exist.ru; irito-parts.ru (manual_check); relines.ru (manual_check); autoparts24.eu; shop.chinacar-club.ru (manual_check); emex.ru (partner_api_or_export)
Haval,HV,HLR,Фара передняя правая,Кузов/свет,Оптика,normal,exist.ru; irito-parts.ru (manual_check); relines.ru (manual_check); autoparts24.eu; shop.chinacar-club.ru (manual_check); emex.ru (partner_api_or_export)
Haval,HV,ML,Зеркало левое,Кузов/свет,Кузов,normal,exist.ru; irito-parts.ru (manual_check); relines.ru (manual_check); autoparts24.eu; shop.chinacar-club.ru (manual_check); emex.ru (partner_api_or_export)
Haval,HV,MR,Зеркало правое,Кузов/свет,Кузов,normal,exist.ru; irito-parts.ru (manual_check); relines.ru (manual_check); autoparts24.eu; shop.chinacar-club.ru (manual_check); emex.ru (partner_api_or_export)
Haval,HV,TLL,Фонарь задний левый,Кузов/свет,Оптика,normal,exist.ru; irito-parts.ru (manual_check); relines.ru (manual_check); autoparts24.eu; shop.chinacar-club.ru (manual_check); emex.ru (partner_api_or_export)
Haval,HV,TLR,Фонарь задний правый,Кузов/свет,Оптика,normal,exist.ru; irito-parts.ru (manual_check); relines.ru (manual_check); autoparts24.eu; shop.chinacar-club.ru (manual_check); emex.ru (partner_api_or_export)
Haval,HV,PSP,Насос ГУР,Рулевое,ГУР,normal,exist.ru; irito-parts.ru (manual_check); relines.ru (manual_check); autoparts24.eu; shop.chinacar-club.ru (manual_check); emex.ru (partner_api_or_export)
Haval,HV,PSR,Бачок ГУР,Рулевое,ГУР,normal,exist.ru; irito-parts.ru (manual_check); relines.ru (manual_check); autoparts24.eu; shop.chinacar-club.ru (manual_check); emex.ru (partner_api_or_export)
Haval,HV,RCK,Рулевая рейка,Рулевое,Рулевое управление,normal,exist.ru; irito-parts.ru (manual_check); relines.ru (manual_check); autoparts24.eu; shop.chinacar-club.ru (manual_check); emex.ru (partner_api_or_export)
Haval,HV,TER,Рулевой наконечник правый,Рулевое,Рулевое управление,normal,exist.ru; irito-parts.ru (manual_check); relines.ru (manual_check); autoparts24.eu; shop.chinacar-club.ru (manual_check); emex.ru (partner_api_or_export)
Haval,HV,TRD,Рулевая тяга,Рулевое,Рулевое управление,normal,exist.ru; irito-parts.ru (manual_check); relines.ru (manual_check); autoparts24.eu; shop.chinacar-club.ru (manual_check); emex.ru (partner_api_or_export)
Haval,HV,FPR,Регулятор давления топлива,Топливная система,Топливо,normal,exist.ru; irito-parts.ru (manual_check); relines.ru (manual_check); autoparts24.eu; shop.chinacar-club.ru (manual_check); emex.ru (partner_api_or_export)
Haval,HV,FPU,Топливный насос,Топливная система,Топливо,normal,exist.ru; irito-parts.ru (manual_check); relines.ru (manual_check); autoparts24.eu; shop.chinacar-club.ru (manual_check); emex.ru (partner_api_or_export)
Haval,HV,INJ,Форсунка топливная,Топливная система,Топливо,normal,exist.ru; irito-parts.ru (manual_check); relines.ru (manual_check); autoparts24.eu; shop.chinacar-club.ru (manual_check); emex.ru (partner_api_or_export)
Haval,HV,BHF,Тормозной шланг передний,Тормоза,Гидравлика,normal,exist.ru; irito-parts.ru (manual_check); relines.ru (manual_check); autoparts24.eu; shop.chinacar-club.ru (manual_check); emex.ru (partner_api_or_export)
Haval,HV,BHR,Тормозной шланг задний,Тормоза,Гидравлика,normal,exist.ru; irito-parts.ru (manual_check); relines.ru (manual_check); autoparts24.eu; shop.chinacar-club.ru (manual_check); emex.ru (partner_api_or_export)
Haval,HV,BMC,Главный тормозной цилиндр,Тормоза,Гидравлика,normal,exist.ru; irito-parts.ru (manual_check); relines.ru (manual_check); autoparts24.eu; shop.chinacar-club.ru (manual_check); emex.ru (partner_api_or_export)
Haval,HV,CFLB,Суппорт передний левый,Тормоза,Суппорты,normal,exist.ru; irito-parts.ru (manual_check); relines.ru (manual_check); autoparts24.eu; shop.chinacar-club.ru (manual_check); emex.ru (partner_api_or_export)
Haval,HV,CFRB,Суппорт передний правый,Тормоза,Суппорты,normal,exist.ru; irito-parts.ru (manual_check); relines.ru (manual_check); autoparts24.eu; shop.chinacar-club.ru (manual_check); emex.ru (partner_api_or_export)
Haval,HV,TUR,Турбокомпрессор,Турбонаддув,Турбо,normal,exist.ru; irito-parts.ru (manual_check); relines.ru (manual_check); autoparts24.eu; shop.chinacar-club.ru (manual_check); emex.ru (partner_api_or_export)
Haval,HV,ALT,Генератор,Электрика,Зарядка,normal,exist.ru; irito-parts.ru (manual_check); relines.ru (manual_check); autoparts24.eu; shop.chinacar-club.ru (manual_check); emex.ru (partner_api_or_export)
Haval,HV,BAT,Аккумулятор,Электрика,Питание,normal,exist.ru; irito-parts.ru (manual_check); relines.ru (manual_check); autoparts24.eu; shop.chinacar-club.ru (manual_check); emex.ru (partner_api_or_export)
Haval,HV,STA,Стартер,Электрика,Пуск,normal,exist.ru; irito-parts.ru (manual_check); relines.ru (manual_check); autoparts24.eu; shop.chinacar-club.ru (manual_check); emex.ru (partner_api_or_export)
Tesla,TS,CAT,Катализатор,Выхлоп,Выхлоп,normal,autoparts24.eu; exist.ru; parts.com (manual_check); usa-auto.ru (manual_check); findpart.org (manual_check); emex.ru (partner_api_or_export)
Tesla,TS,MUF,Глушитель основной,Выхлоп,Выхлоп,normal,autoparts24.eu; exist.ru; parts.com (manual_check); usa-auto.ru (manual_check); findpart.org (manual_check); emex.ru (partner_api_or_export)
Tesla,TS,ACC,Компрессор кондиционера,Климат,Кондиционер,normal,autoparts24.eu; exist.ru; parts.com (manual_check); usa-auto.ru (manual_check); findpart.org (manual_check); emex.ru (partner_api_or_export)
Tesla,TS,ACR,Радиатор кондиционера,Климат,Кондиционер,normal,autoparts24.eu; exist.ru; parts.com (manual_check); usa-auto.ru (manual_check); findpart.org (manual_check); emex.ru (partner_api_or_export)
Tesla,TS,HTR,Радиатор печки,Климат,Отопитель,normal,autoparts24.eu; exist.ru; parts.com (manual_check); usa-auto.ru (manual_check); findpart.org (manual_check); emex.ru (partner_api_or_export)
Tesla,TS,HLL,Фара передняя левая,Кузов/свет,Оптика,normal,autoparts24.eu; exist.ru; parts.com (manual_check); usa-auto.ru (manual_check); findpart.org (manual_check); emex.ru (partner_api_or_export)
Tesla,TS,HLR,Фара передняя правая,Кузов/свет,Оптика,normal,autoparts24.eu; exist.ru; parts.com (manual_check); usa-auto.ru (manual_check); findpart.org (manual_check); emex.ru (partner_api_or_export)
Tesla,TS,ML,Зеркало левое,Кузов/свет,Кузов,normal,autoparts24.eu; exist.ru; parts.com (manual_check); usa-auto.ru (manual_check); findpart.org (manual_check); emex.ru (partner_api_or_export)
Tesla,TS,MR,Зеркало правое,Кузов/свет,Кузов,normal,autoparts24.eu; exist.ru; parts.com (manual_check); usa-auto.ru (manual_check); findpart.org (manual_check); emex.ru (partner_api_or_export)
Tesla,TS,TLL,Фонарь задний левый,Кузов/свет,Оптика,normal,autoparts24.eu; exist.ru; parts.com (manual_check); usa-auto.ru (manual_check); findpart.org (manual_check); emex.ru (partner_api_or_export)
Tesla,TS,TLR,Фонарь задний правый,Кузов/свет,Оптика,normal,autoparts24.eu; exist.ru; parts.com (manual_check); usa-auto.ru (manual_check); findpart.org (manual_check); emex.ru (partner_api_or_export)
Tesla,TS,PSP,Насос ГУР,Рулевое,ГУР,normal,autoparts24.eu; exist.ru; parts.com (manual_check); usa-auto.ru (manual_check); findpart.org (manual_check); emex.ru (partner_api_or_export)
Tesla,TS,PSR,Бачок ГУР,Рулевое,ГУР,normal,autoparts24.eu; exist.ru; parts.com (manual_check); usa-auto.ru (manual_check); findpart.org (manual_check); emex.ru (partner_api_or_export)
Tesla,TS,RCK,Рулевая рейка,Рулевое,Рулевое управление,normal,autoparts24.eu; exist.ru; parts.com (manual_check); usa-auto.ru (manual_check); findpart.org (manual_check); emex.ru (partner_api_or_export)
Tesla,TS,TER,Рулевой наконечник правый,Рулевое,Рулевое управление,normal,autoparts24.eu; exist.ru; parts.com (manual_check); usa-auto.ru (manual_check); findpart.org (manual_check); emex.ru (partner_api_or_export)
Tesla,TS,TRD,Рулевая тяга,Рулевое,Рулевое управление,normal,autoparts24.eu; exist.ru; parts.com (manual_check); usa-auto.ru (manual_check); findpart.org (manual_check); emex.ru (partner_api_or_export)
Tesla,TS,FPR,Регулятор давления топлива,Топливная система,Топливо,normal,autoparts24.eu; exist.ru; parts.com (manual_check); usa-auto.ru (manual_check); findpart.org (manual_check); emex.ru (partner_api_or_export)
Tesla,TS,FPU,Топливный насос,Топливная система,Топливо,normal,autoparts24.eu; exist.ru; parts.com (manual_check); usa-auto.ru (manual_check); findpart.org (manual_check); emex.ru (partner_api_or_export)
Tesla,TS,INJ,Форсунка топливная,Топливная система,Топливо,normal,autoparts24.eu; exist.ru; parts.com (manual_check); usa-auto.ru (manual_check); findpart.org (manual_check); emex.ru (partner_api_or_export)
Tesla,TS,BBR,Вакуумный усилитель тормозов,Тормоза,Гидравлика,normal,autoparts24.eu; exist.ru; parts.com (manual_check); usa-auto.ru (manual_check); findpart.org (manual_check); emex.ru (partner_api_or_export)
Tesla,TS,BHF,Тормозной шланг передний,Тормоза,Гидравлика,normal,autoparts24.eu; exist.ru; parts.com (manual_check); usa-auto.ru (manual_check); findpart.org (manual_check); emex.ru (partner_api_or_export)
Tesla,TS,BHR,Тормозной шланг задний,Тормоза,Гидравлика,normal,autoparts24.eu; exist.ru; parts.com (manual_check); usa-auto.ru (manual_check); findpart.org (manual_check); emex.ru (partner_api_or_export)
Tesla,TS,BMC,Главный тормозной цилиндр,Тормоза,Гидравлика,normal,autoparts24.eu; exist.ru; parts.com (manual_check); usa-auto.ru (manual_check); findpart.org (manual_check); emex.ru (partner_api_or_export)
Tesla,TS,CFLB,Суппорт передний левый,Тормоза,Суппорты,normal,autoparts24.eu; exist.ru; parts.com (manual_check); usa-auto.ru (manual_check); findpart.org (manual_check); emex.ru (partner_api_or_export)
Tesla,TS,CFRB,Суппорт передний правый,Тормоза,Суппорты,normal,autoparts24.eu; exist.ru; parts.com (manual_check); usa-auto.ru (manual_check); findpart.org (manual_check); emex.ru (partner_api_or_export)
Tesla,TS,INT,Интеркулер,Турбонаддув,Турбо,normal,autoparts24.eu; exist.ru; parts.com (manual_check); usa-auto.ru (manual_check); findpart.org (manual_check); emex.ru (partner_api_or_export)
Tesla,TS,TCV,Клапан управления турбиной,Турбонаддув,Турбо,normal,autoparts24.eu; exist.ru; parts.com (manual_check); usa-auto.ru (manual_check); findpart.org (manual_check); emex.ru (partner_api_or_export)
Tesla,TS,TUR,Турбокомпрессор,Турбонаддув,Турбо,normal,autoparts24.eu; exist.ru; parts.com (manual_check); usa-auto.ru (manual_check); findpart.org (manual_check); emex.ru (partner_api_or_export)
Tesla,TS,ALT,Генератор,Электрика,Зарядка,normal,autoparts24.eu; exist.ru; parts.com (manual_check); usa-auto.ru (manual_check); findpart.org (manual_check); emex.ru (partner_api_or_export)
Tesla,TS,PDC,Датчик парковки,Электрика,Парктроник,normal,autoparts24.eu; exist.ru; parts.com (manual_check); usa-auto.ru (manual_check); findpart.org (manual_check); emex.ru (partner_api_or_export)
Tesla,TS,STA,Стартер,Электрика,Пуск,normal,autoparts24.eu; exist.ru; parts.com (manual_check); usa-auto.ru (manual_check); findpart.org (manual_check); emex.ru (partner_api_or_export)
Tesla,TS,TPM,Датчик давления шин,Электрика,TPMS,normal,autoparts24.eu; exist.ru; parts.com (manual_check); usa-auto.ru (manual_check); findpart.org (manual_check); emex.ru (partner_api_or_export)
Tesla,TS,WPM,Мотор стеклоочистителя,Электрика,Стеклоочистители,normal,autoparts24.eu; exist.ru; parts.com (manual_check); usa-auto.ru (manual_check); findpart.org (manual_check); emex.ru (partner_api_or_export)
